color,director_name,num_critic_for_reviews,duration,director_facebook_likes,actor_3_facebook_likes,actor_2_name,actor_1_facebook_likes,gross,genres,actor_1_name,Id,num_voted_users,cast_total_facebook_likes,actor_3_name,facenumber_in_poster,plot_keywords,num_user_for_reviews,language,country,content_rating,budget,title_year,actor_2_facebook_likes,aspect_ratio,movie_facebook_likes
Color,Andrew Stanton,462,132,475,530,Samantha Morton,640,73058679,Action|Adventure|Sci-Fi,Daryl Sabara,John Carter ,212204,1873,Polly Walker,1,alien|american civil war|male nipple|mars|princess,738,English,USA,PG-13,263700000,2012,632,2.35,24000
Color,Joss Whedon,635,141,0,19000,Robert Downey Jr.,26000,458991599,Action|Adventure|Sci-Fi,Chris Hemsworth,Avengers: Age of Ultron ,462669,92000,Scarlett Johansson,4,artificial intelligence|based on comic book|captain america|marvel cinematic universe|superhero,1117,English,USA,PG-13,250000000,2015,21000,2.35,118000
Color,John Lasseter,304,106,487,776,Thomas Kretschmann,1000,191450875,Adventure|Animation|Comedy|Family|Sport,Joe Mantegna,Cars 2 ,101178,4482,Eddie Izzard,0,best friend|car race|conspiracy|gadget car|spy,283,English,USA,G,200000000,2011,919,2.35,10000
Color,Martin Campbell,436,123,258,326,Temuera Morrison,16000,116593191,Action|Adventure|Sci-Fi,Ryan Reynolds,Green Lantern ,223393,17657,Taika Waititi,2,autopsy|lantern|planet|ring|test pilot,550,English,USA,PG-13,200000000,2011,368,2.35,24000
Color,McG,422,118,368,988,Bryce Dallas Howard,23000,125320003,Action|Adventure|Sci-Fi,Christian Bale,Terminator Salvation ,286095,27468,Common,0,death row|future|machine|rescue|skynet,974,English,USA,PG-13,200000000,2009,3000,2.35,0
Color,Justin Lin,322,122,681,105,Melissa Roxburgh,998,130468626,Action|Adventure|Sci-Fi|Thriller,Sofia Boutella,Star Trek Beyond ,53607,1327,Lydia Wilson,4,hatred|sequel|space opera|star trek|third part,432,English,USA,PG-13,185000000,2016,119,2.35,30000
Color,Bryan Singer,396,144,0,1000,Michael Fassbender,34000,154985087,Action|Adventure|Sci-Fi,Jennifer Lawrence,X-Men: Apocalypse ,148379,49684,Tye Sheridan,6,mutant|superhero|superhero team|x men|year 1983,622,English,USA,PG-13,178000000,2016,13000,2.35,54000
Color,Christopher Nolan,645,152,22000,11000,Heath Ledger,23000,533316061,Action|Crime|Drama|Thriller,Christian Bale,The Dark Knight ,1676169,57802,Morgan Freeman,0,based on comic book|dc comics|psychopath|star died before release|urban setting,4667,English,USA,PG-13,185000000,2008,13000,2.35,37000
Color,Pete Docter,408,96,0,262,Delroy Lindo,1000,292979556,Adventure|Animation|Comedy|Family,John Ratzenberger,Up ,665575,2635,Jess Harnell,1,balloon|house|promise|retirement|skeleton,704,English,USA,PG,175000000,2009,848,1.85,27000
Color,Rob Letterman,219,94,11,459,Rainn Wilson,1000,198332128,Action|Adventure|Animation|Comedy|Family|Sci-Fi,Amy Poehler,Monsters vs. Aliens ,114553,2579,Stephen Colbert,2,alien|alien invasion|alien space craft|giant|giantess,187,English,USA,PG,175000000,2009,973,2.35,0
Color,Pete Docter,536,95,0,384,Mindy Kaling,1000,356454367,Adventure|Animation|Comedy|Drama|Family|Fantasy,Amy Poehler,Inside Out ,345198,2944,Phyllis Smith,1,anger|joy|memory|running away|sadness,773,English,USA,PG,175000000,2015,767,1.85,118000
Color,Rich Moore,377,101,66,833,Sarah Silverman,975,189412677,Adventure|Animation|Comedy|Family|Sci-Fi,Jack McBrayer,Wreck-It Ralph ,272534,4451,Joe Lo Truglio,1,arcade|candy|glitch|king|medal,345,English,USA,PG,165000000,2012,931,2.35,40000
Color,Dean DeBlois,288,98,255,759,America Ferrera,18000,217387997,Adventure|Animation|Family|Fantasy,Gerard Butler,How to Train Your Dragon ,485430,20453,Craig Ferguson,0,dragon|island|training|viking|village,492,English,USA,PG,165000000,2010,953,2.35,33000
Color,Jonathan Mostow,280,109,84,191,M.C. Gainey,648,150350192,Action|Sci-Fi,Nick Stahl,Terminator 3: Rise of the Machines ,305340,1769,Carolyn Hennesy,0,drifter|exploding truck|future|machine|skynet,1676,English,USA,R,200000000,2003,284,2.35,0
Color,Alessandro Carloni,210,95,5,967,Angelina Jolie Pitt,24000,143523463,Action|Adventure|Animation|Comedy|Family,J.K. Simmons,Kung Fu Panda 3 ,64322,36095,Wayne Knight,0,china|kung fu|panda|pig|village,145,English,USA,PG,145000000,2016,11000,2.35,24000
Color,J.J. Abrams,518,127,14000,981,Leonard Nimoy,26000,257704099,Action|Adventure|Sci-Fi,Chris Hemsworth,Star Trek ,504419,39284,Bruce Greenwood,0,box office hit|future|lifted by the throat|star trek|vulcan,1559,English,USA,PG-13,150000000,2009,12000,2.35,19000
Color,Alex Proyas,184,126,295,284,Elodie Yung,18000,31141074,Action|Adventure|Fantasy,Gerard Butler,Gods of Egypt ,51892,19769,Bryan Brown,4,ancient egypt|egypt|egyptian|egyptian god|egyptian goddess,273,English,USA,PG-13,140000000,2016,934,2.35,24000
Color,David Soren,166,96,13,463,Snoop Dogg,16000,83024900,Adventure|Animation|Comedy|Family|Sport,Ryan Reynolds,Turbo ,62424,17416,Ben Schwartz,0,accident|freak accident|race|snail|underdog,90,English,USA,PG,135000000,2013,881,2.35,13000
Color,Steven Spielberg,401,116,14000,807,Lisa Ann Walter,10000,234277056,Adventure|Sci-Fi|Thriller,Tom Cruise,War of the Worlds ,334345,12758,Rick Gonzalez,0,alien|fight|storm|survival|tripod,2741,English,USA,PG-13,132000000,2005,1000,1.85,0
Color,Lana Wachowski,284,135,0,87,Kick Gurry,690,43929341,Action|Family|Sport,Scott Porter,Speed Racer ,57873,902,Nicholas Elia,0,based on anime|based on cartoon|gadget car|racer|speed,414,English,USA,PG,120000000,2008,107,2.35,0
Color,Josh Trank,369,100,128,78,Reg E. Cathey,596,56114221,Action|Adventure|Sci-Fi,Tim Blake Nelson,Fantastic Four ,110486,1261,Tim Heidecker,3,box office flop|critically bashed|portal|teleportation|troubled production,695,English,USA,PG-13,120000000,2015,360,2.35,41000
Color,Shawn Levy,327,127,189,544,Torey Michael Adkins,20000,85463309,Action|Drama|Sci-Fi|Sport,Hugh Jackman,Real Steel ,254841,22254,Olga Fonda,1,arena|boxing|boxing movie|robot|robot battle,426,English,USA,PG-13,110000000,2011,929,2.35,36000
Color,Gavin Hood,326,114,151,430,Moises Arias,11000,61656849,Action|Sci-Fi,Harrison Ford,Ender's Game ,184561,12908,Aramis Knight,4,alien|future|manipulation|simulation|training,554,English,USA,PG-13,110000000,2013,635,2.35,123000
Color,Ridley Scott,239,194,0,195,Orlando Bloom,14000,47396698,Action|Adventure|Drama|History|War,Liam Neeson,Kingdom of Heaven ,217373,19600,Philip Glenister,1,12th century|crusader|jerusalem|knight|medieval times,942,English,USA,R,130000000,2005,5000,2.35,0
Color,Ridley Scott,568,151,0,372,Donald Glover,13000,228430993,Adventure|Drama|Sci-Fi,Matt Damon,The Martian ,472488,14831,Benedict Wong,1,astronaut|international cooperation|left for dead|nasa|space habitat,1023,English,USA,PG-13,108000000,2015,801,2.35,153000
Color,Quentin Tarantino,765,165,16000,265,Christoph Waltz,29000,162804648,Drama|Western,Leonardo DiCaprio,Django Unchained ,955174,40978,Ato Essandoh,1,dynamite|historically inaccurate|ku klux klan|n word|slavery,1193,English,USA,R,100000000,2012,11000,2.35,199000
Color,Ericson Core,163,114,19,848,Edgar Ramírez,1000,28772222,Action|Crime|Sport|Thriller,Ray Winstone,Point Break ,33953,3962,Delroy Lindo,1,athlete|extreme sports|fbi|fbi agent|heist,163,English,USA,PG-13,105000000,2015,897,2.35,37000
Color,Ash Brannon,154,85,9,970,Zooey Deschanel,12000,58867694,Animation|Comedy|Family|Sport,Jeff Bridges,Surf's Up ,54077,25590,Jon Heder,0,chicken|competition|island|penguin|surfing,112,English,USA,PG,100000000,2007,11000,1.85,0
Color,Andrew Stanton,301,100,475,799,Stephen Root,1000,380838870,Adventure|Animation|Comedy|Family,Alexander Gould,Finding Nemo ,692482,5641,Brad Garrett,0,great barrier reef|protective father|separation from family|shark|short term memory loss,866,English,USA,G,94000000,2003,939,1.85,11000
Color,Sergey Bodrov,175,102,44,766,Djimon Hounsou,12000,17176900,Action|Adventure|Fantasy,Jeff Bridges,Seventh Son ,54501,17098,Olivia Williams,4,apprentice|demon|exorcism|master apprentice relationship|witch,154,English,USA,PG-13,95000000,2014,3000,2.35,16000
Color,Joe Johnston,198,92,394,527,Trevor Morgan,693,181166115,Action|Adventure|Sci-Fi|Thriller,Michael Jeter,Jurassic Park III ,219501,2574,Alessandro Nivola,0,dinosaur|island|jurassic park|paleontologist|search,1236,English,USA,PG-13,93000000,2001,595,1.85,0
Color,David Fincher,517,158,21000,585,Goran Visnjic,18000,102515793,Crime|Drama|Mystery|Thriller,Robin Wright,The Girl with the Dragon Tattoo ,330152,20388,Joely Richardson,1,computer hacker|hacker|investigation|journalist|punk,632,English,USA,R,90000000,2011,1000,2.35,54000
Color,Walt Becker,70,92,12,1000,Joshua Mikel,35000,85884815,Adventure|Animation|Comedy|Family|Fantasy|Music,Bella Thorne,Alvin and the Chipmunks: The Road Chip ,9418,38450,Jesse McCartney,0,chipmunk|highway travel|on the road|plane|road movie,53,English,USA,PG,90000000,2015,1000,1.85,0
Black and White,Gary Ross,175,140,378,599,Michael Angarano,12000,120147445,Drama|History|Sport,Jeff Bridges,Seabiscuit ,57661,13808,Michael O'Neill,0,horse|horse racing|jockey|limp|seabiscuit,455,English,USA,PG-13,87000000,2003,947,2.35,0
Color,Tony Scott,81,140,12000,619,Jake Busey,10000,111544445,Action|Crime|Drama|Mystery|Thriller,Will Smith,Enemy of the State ,188116,11951,Lisa Bonet,4,congressman|lawyer|nsa|on the run|surveillance,415,English,USA,R,90000000,1998,660,2.35,0
Color,Nancy Meyers,187,120,278,963,Hunter Parrish,11000,112703470,Comedy|Drama|Romance,Meryl Streep,It's Complicated ,69860,15226,Zoe Kazan,2,affair|divorce|graduation|vomiting|watching television,214,English,USA,R,85000000,2009,2000,1.85,0
Color,Justin Lin,158,104,681,159,Zachery Ty Bryan,584,62494975,Action|Crime|Thriller,Amber Stevens West,The Fast and the Furious: Tokyo Drift ,179500,1235,Nikki Griffin,5,car|challenge|drift racing|drifting|tokyo japan,378,English,USA,PG-13,85000000,2006,227,2.35,0
Color,Frank Coraci,173,107,153,233,Cameron Monaghan,11000,137340146,Comedy|Drama|Fantasy|Romance,Adam Sandler,Click ,246492,12700,Julie Kavner,1,architect|frozen time|obese man|remote control|stopped time,685,English,USA,PG-13,70000000,2006,1000,1.85,7000
Color,Brad Peyton,91,82,62,615,Sean Hayes,975,43575716,Action|Comedy|Family|Fantasy,Jack McBrayer,Cats & Dogs: The Revenge of Kitty Galore ,10233,3326,Katt Williams,0,cartoon on tv|cat|dog|kitty|special agent,63,English,USA,PG,85000000,2010,760,1.85,0
Color,Dean DeBlois,180,85,255,443,Jason Scott Lee,1000,145771527,Adventure|Animation|Comedy|Drama|Family|Fantasy|Sci-Fi,Tia Carrere,Lilo & Stitch ,117212,3112,David Ogden Stiers,0,alien|escape|fugitive|hawaii|social worker,367,English,USA,PG,80000000,2002,533,1.66,0
Color,Dean Parisot,234,116,23,110,Anthony Hopkins,13000,53215979,Action|Comedy|Crime|Thriller,Bruce Willis,RED 2 ,125036,25220,Garrick Hagon,7,cia|cia agent|rescue|russian|team,205,English,USA,PG-13,84000000,2013,12000,2.35,22000
Color,Frank Coraci,178,102,153,269,Leslie Bibb,3000,80360866,Comedy|Family|Romance,Rosario Dawson,Zookeeper ,44662,5392,Nicholas Turturro,1,champagne bottle|coca cola|jewelry box|red bull|zoo,127,English,USA,PG,80000000,2011,1000,2.35,0
Color,Henry Jaglom,19,117,69,87,Stephen Dillane,898,821997,Drama|Romance,Vanessa Redgrave,Déjà Vu ,666,1753,Michael Brandon,0,american|love|pin|ruby|stranger,40,English,USA,PG-13,NA,1997,577,1.85,91
Color,Vincent Ward,121,113,25,129,Annabella Sciorra,49000,55350897,Drama|Fantasy|Romance,Robin Williams,What Dreams May Come ,83560,49631,Rosalind Chao,1,heaven|hell|soul|soul mate|suicide,619,English,USA,PG-13,85000000,1998,448,2.35,32000
Color,Brad Peyton,178,94,62,722,Dwayne Johnson,14000,103812241,Action|Adventure|Comedy|Family|Fantasy|Sci-Fi,Josh Hutcherson,Journey 2: The Mysterious Island ,67296,27842,Kristin Davis,3,gold|hurricane|island|mountain|mysterious island,133,English,USA,PG,79000000,2012,12000,1.85,0
Color,David Kellogg,70,110,16,692,Rene Auberjonois,2000,97360069,Action|Adventure|Comedy|Family|Sci-Fi,Matthew Broderick,Inspector Gadget ,36491,5320,Rupert Everett,0,actor playing multiple roles|claw|gadget|inspector|police,231,English,USA,PG,75000000,1999,710,1.85,509
Color,Dennis Dugan,179,102,221,4000,Adam Sandler,12000,162001186,Comedy,Steve Buscemi,Grown Ups ,181443,28497,Salma Hayek,4,basketball|coach|daughter|high school|high school basketball,311,English,USA,PG-13,80000000,2010,11000,1.85,12000
Color,Martin Campbell,134,124,258,748,Scott Glenn,867,68473360,Action|Adventure|Drama|Thriller,Nicholas Lea,Vertical Limit ,49536,3424,Ben Mendelsohn,0,death|die hard scenario|k2|rescue|urination,379,English,USA,PG-13,75000000,2000,826,1.85,0
Color,Guy Ritchie,362,116,0,104,Elizabeth Debicki,15000,45434443,Action|Adventure|Comedy,Henry Cavill,The Man from U.N.C.L.E. ,175960,15735,Christian Berkel,2,box office flop|cia agent|criminal organization|kgb agent|nuclear bomb,360,English,USA,PG-13,75000000,2015,509,2.35,43000
Color,Renny Harlin,109,116,212,462,Estella Warren,13000,32616869,Action|Drama|Sport,Sylvester Stallone,Driven ,34435,14780,Cristián de la Fuente,0,car race|german|race car|race car driver|rookie,346,English,USA,PG-13,72000000,2001,658,2.35,886
Color,John Lasseter,256,117,487,769,Cheech Marin,1000,244052771,Adventure|Animation|Comedy|Family|Sport,John Ratzenberger,Cars ,263853,4905,George Carlin,0,car|desert|route 66|tow truck|truck,584,English,USA,G,120000000,2006,843,2.35,0
Color,Paul Tibbitt,147,92,5,726,Billy West,870,162495848,Adventure|Animation|Comedy|Family|Fantasy,Tim Conway,The SpongeBob Movie: Sponge Out of Water ,34359,5217,Eddie Deezen,0,book|magic|pirate|plankton|time machine,133,English,USA,PG,74000000,2015,861,1.85,16000
Color,Mike Nichols,59,125,0,184,Peter Gerety,443,65012000,Drama|Horror|Romance|Thriller,David Hyde Pierce,Wolf ,43559,1439,Ron Rifkin,1,blood|publisher|publishing house|werewolf|wolf,137,English,USA,R,70000000,1994,277,1.85,0
Color,James Cameron,82,171,0,638,Todd Graff,2000,54222000,Adventure|Drama|Sci-Fi|Thriller,Michael Biehn,The Abyss ,131217,4074,Mary Elizabeth Mastrantonio,0,alien|estranged couple|ocean|submarine|underwater,380,English,USA,PG-13,69500000,1989,650,2.35,0
Color,Betty Thomas,105,97,84,150,Phill Lewis,989,33105600,Action|Adventure|Comedy|Thriller,Gary Cole,I Spy ,41663,1576,Tate Taylor,1,boxer|espionage|spy|stealth|top secret,141,English,USA,PG-13,70000000,2002,229,1.37,531
Color,David Slade,293,124,171,10000,Kristen Stewart,21000,300523113,Adventure|Drama|Fantasy|Romance,Robert Pattinson,The Twilight Saga: Eclipse ,184637,52547,Anna Kendrick,3,friendship|graduation|revenge|vampire|werewolf,498,English,USA,PG-13,68000000,2010,17000,2.35,29000
Color,Scott Waugh,327,132,76,464,Dominic Cooper,3000,43568507,Action|Crime|Drama|Thriller,Rami Malek,Need for Speed ,136954,7081,Ramon Rodriguez,1,cross country|custom car|illegal street racing|police officer crushed|street racing,346,English,USA,PG-13,66000000,2014,3000,2.35,32000
Color,Steven Spielberg,538,150,14000,655,Hal Holbrook,23000,182204440,Biography|Drama|History|War,Joseph Gordon-Levitt,Lincoln ,197412,25517,Bruce McGill,0,cultural conflict|politics|president|slavery|u.s. president,720,English,USA,PG-13,65000000,2012,826,2.35,71000
Color,Paul W.S. Anderson,230,111,545,805,Max Ryan,26000,36064910,Action|Sci-Fi|Thriller,Jason Statham,Death Race ,166610,28643,Joan Allen,4,armored car|car|murder|prison|warden,211,English,USA,R,45000000,2008,872,2.35,0
Color,Michael Lehmann,60,100,36,554,James Coburn,13000,17218080,Action|Adventure|Comedy,Bruce Willis,Hudson Hawk ,43376,15944,Richard E. Grant,0,blackmail|burglar|critically bashed|leonardo da vinci|prison,249,English,USA,R,70000000,1991,773,1.85,0
Color,Marc Lawrence,118,101,30,268,Alicia Witt,1000,93307796,Comedy|Romance,Dorian Missick,Two Weeks Notice ,85673,2636,Dana Ivey,2,developer|divorce|lawyer|love|new york city,269,English,USA,PG-13,60000000,2002,976,1.85,0
Color,Tony Scott,60,107,12000,695,Robert Duvall,10000,82670733,Action|Drama|Sport,Tom Cruise,Days of Thunder ,60476,14006,Randy Quaid,0,driver|hot shot|racing|stock car driver|team,97,English,USA,PG-13,60000000,1990,3000,2.35,0
Color,Wes Ball,249,132,47,240,Lili Taylor,988,81687587,Action|Sci-Fi|Thriller,Ki Hong Lee,The Scorch Trials ,138246,2517,Rosa Salazar,0,desert|disease|escape|resistance|virus,360,English,USA,PG-13,61000000,2015,960,2.35,24000
Color,Brett Ratner,121,125,420,627,Don Cheadle,12000,75764085,Comedy|Drama|Fantasy|Romance,Nicolas Cage,The Family Man ,85844,16646,Amber Valletta,1,bowling|christmas|parallel universe|salesman|unfaithfulness,322,English,USA,PG-13,60000000,2000,3000,2.35,0
Color,Jon Avnet,34,124,50,672,Stockard Channing,1000,51045801,Drama|Romance,Joe Mantegna,Up Close & Personal ,11370,3653,Raymond Cruz,2,journalism|news anchor|newscast|newscaster|tv journalism,54,English,USA,PG-13,60000000,1996,944,1.85,829
Color,Graham Annable,219,96,7,642,Dee Bradley Baker,874,50807639,Adventure|Animation|Comedy|Family|Fantasy,Isaac Hempstead Wright,The Boxtrolls ,40883,3151,Tracy Morgan,3,chase|puppet animation|red hat|stop motion animation|troll,122,English,USA,PG,60000000,2014,668,1.85,11000
Color,Harold Becker,79,111,17,652,Miko Hughes,13000,32940507,Action|Crime|Drama|Thriller,Bruce Willis,Mercury Rising ,54314,16536,Carrie Preston,1,autistic child|boy|child in danger|fbi|nsa,127,English,USA,R,60000000,1998,968,2.35,0
Color,Rod Lurie,110,131,37,507,Delroy Lindo,968,18208078,Action|Drama|Thriller,Clifton Collins Jr.,The Last Castle ,57100,3012,Michael Irby,3,colonel|general|military|prison|three star general,281,English,USA,R,60000000,2001,848,2.35,0
Color,Walter Salles,196,103,179,87,Camryn Manheim,794,25472967,Drama|Horror|Thriller,Dougray Scott,Dark Water ,44966,1467,Ariel Gade,2,apartment|hello kitty|school|teacher|water,411,English,USA,PG-13,30000000,2005,329,2.35,0
Color,Shawn Levy,246,125,189,839,Jessica Szohr,1000,44665963,Comedy,Josh Gad,The Internship ,159931,5081,Rob Riggle,2,actor's picture shown in credits|animated credits|google|internship|still images in end credits,281,English,USA,PG-13,58000000,2013,847,2.35,22000
Color,Tom Shadyac,57,95,293,744,James Coburn,851,128769345,Comedy|Romance|Sci-Fi,Jada Pinkett Smith,The Nutty Professor ,86556,3155,Dave Chappelle,1,face slap|formula|overweight|professor|teacher,99,English,USA,PG-13,54000000,1996,773,1.85,960
Color,James Bobin,277,119,33,518,Tina Fey,3000,51178893,Adventure|Comedy|Crime|Family|Musical,Ty Burrell,Muppets Most Wanted ,24285,6089,Hugh Bonneville,4,europe|frog|gulag|prison break|puppet,110,English,USA,PG,50000000,2014,2000,1.85,10000
Color,Clint Eastwood,279,135,16000,310,Chris Bauer,23000,33574332,Drama|History|War,Paul Walker,Flags of Our Fathers ,101221,24468,Tom McCarthy,0,imperial japan|japan|japanese army|japanese soldier|world war two,415,English,USA,R,90000000,2006,638,2.35,0
Color,Curtis Hanson,106,124,161,681,Robert Duvall,21000,5755286,Drama|Romance|Sport,Robert Downey Jr.,Lucky You ,18310,26334,Kelvin Han Yee,1,losing|poker|poker player|reference to frederic chopin|reference to johannes brahms,63,English,USA,PG-13,55000000,2007,3000,2.35,672
Color,Garry Marshall,186,125,0,11000,Taylor Lautner,14000,110476776,Comedy|Romance,Bradley Cooper,Valentine's Day ,95437,45696,Anne Hathaway,12,flower|indian restaurant|tv station|valentine|valentine's day,211,English,USA,PG-13,52000000,2010,12000,1.85,9000
Color,Martin Scorsese,133,178,17000,574,Don Rickles,22000,42438300,Biography|Crime|Drama,Robert De Niro,Casino ,333542,24183,Kevin Pollak,2,car bomb|card cheat|cash|casino|gambling syndicate,533,English,USA,R,52000000,1995,721,2.35,11000
Color,Kevin Reynolds,67,155,58,720,Morgan Freeman,25000,165500000,Action|Adventure|Drama|Romance,Alan Rickman,Robin Hood: Prince of Thieves ,145257,38518,Michael Wincott,0,balladeer|crusades|england|king|modern minstrel,322,English,USA,PG-13,48000000,1991,11000,1.85,0
Color,Tom Shadyac,55,115,293,878,Philip Seymour Hoffman,49000,135014968,Biography|Comedy|Drama|Romance,Robin Williams,Patch Adams ,80580,74382,Monica Potter,1,doctor|hospital|mental institution|nurse|student,375,English,USA,PG-13,50000000,1998,22000,2.35,0
Color,Phil Lord,330,112,97,584,Craig Roberts,17000,191616238,Action|Comedy|Crime,Channing Tatum,22 Jump Street ,258186,19428,Amber Stevens West,2,college|drugs|hidden camera|tattoo|undercover,322,English,USA,R,50000000,2014,920,2.35,24000
Color,Brian Helgeland,143,90,241,416,Deborah Kara Unger,1000,81517441,Action|Crime|Drama|Thriller,Bill Duke,Payback ,111368,3148,William Devane,1,anti hero|criminal|greed|prostitute|tough guy,394,English,USA,R,50000000,1999,495,2.35,0
Color,Glenn Ficarra,310,118,43,7000,Emma Stone,33000,84244877,Comedy|Drama|Romance,Ryan Gosling,"Crazy, Stupid, Love. ",375456,57426,Steve Carell,7,bar|divorce|friend|girl|male objectification,292,English,USA,PG-13,50000000,2011,15000,2.39,44000
Color,David Fincher,157,129,21000,283,Armin Mueller-Stahl,495,48265581,Drama|Mystery|Thriller,Deborah Kara Unger,The Game ,261069,1397,Charles Martinet,1,birthday|falling through a glass roof|game|hitchcockian|suicide,506,English,USA,R,50000000,1997,294,2.35,25000
Color,Steven Quale,228,89,77,159,Alycia Debnam-Carey,490,47553512,Action|Thriller,Matt Walsh,Into the Storm ,54101,1367,Scott Lawrence,0,danger|graduation|storm|teenage boy|tornado,210,English,USA,PG-13,50000000,2014,298,1.85,15000
Color,Sam Raimi,113,137,0,432,Kelly Preston,24000,35168395,Drama|Romance|Sport,J.K. Simmons,For Love of the Game ,26034,25469,Carmine Giovinazzo,0,baseball|baseball movie|detroit tigers|perfect game|pitcher,226,English,USA,PG-13,50000000,1999,743,2.35,0
Color,Brad Bird,162,90,663,521,Harry Connick Jr.,14000,23159305,Action|Adventure|Animation|Comedy|Drama|Family|Sci-Fi,Vin Diesel,The Iron Giant ,128455,16358,M. Emmet Walsh,1,boy|friend|government agent|maine|robot,514,English,USA,PG,70000000,1999,631,2.35,0
Color,Patrick Read Johnson,22,99,32,479,Lara Flynn Boyle,1000,16671505,Adventure|Comedy|Crime|Drama|Family,Joe Mantegna,Baby's Day Out ,33186,2949,Cynthia Nixon,1,baby|baby boy|kidnapping|kidnapping a child|taxi,78,English,USA,PG,50000000,1994,619,1.85,0
Color,Mark Neveldine,180,95,83,1000,Logan Lerman,18000,20488579,Action|Sci-Fi|Thriller,Gerard Butler,Gamer ,113483,29926,Alison Lohman,1,battle|convict|death|mind control|role playing,245,English,USA,R,50000000,2009,8000,1.85,0
Color,Neill Blomkamp,371,120,662,502,Sharlto Copley,20000,31569268,Action|Crime|Drama|Sci-Fi|Thriller,Hugh Jackman,Chappie ,172965,23051,Jose Pablo Cantillo,0,artificial intelligence|consciousness|future|mind uploading|robot,627,English,USA,R,49000000,2015,2000,2.35,67000
Color,Chuck Bowman,32,89,42,235,Lochlyn Munro,598,NA,Horror|Thriller,P.J. Soles,The Tooth Fairy ,1263,2353,Steve Bacic,0,bare breasts|genital dismemberment|mulching someone|tooth fairy|woodchipper,32,English,USA,NA,1500000,2006,555,1.78,352
Color,James Mangold,295,122,446,600,Logan Lerman,23000,53574088,Adventure|Crime|Drama|Western,Christian Bale,3:10 to Yuma ,237872,33548,Gretchen Mol,1,outlaw|rancher|small western town|stagecoach|train,560,English,USA,R,55000000,2007,8000,2.35,0
Color,John McTiernan,152,113,323,835,Faye Dunaway,1000,69304264,Crime|Romance|Thriller,Mark Margolis,The Thomas Crown Affair ,73068,4660,Denis Leary,0,art|insurance investigator|martinique|painting|trust,419,English,USA,R,48000000,1999,977,2.35,0
Color,Joe Roth,142,102,148,135,Rainn Wilson,8000,93607673,Comedy|Romance,Julia Roberts,America's Sweethearts ,47573,9176,Larry King,4,actor|love|movie star|press|publicist,343,English,USA,PG-13,48000000,2001,973,2.35,881
Color,Edward Zwick,65,116,380,826,Matt Damon,18000,58918501,Action|Drama|Mystery|Thriller|War,Denzel Washington,Courage Under Fire ,40126,33233,Scott Glenn,1,bravery|honor|medal of honor|military life|unreliable flashback,107,English,USA,R,46000000,1996,13000,1.85,975
Color,James Bobin,398,103,33,84,Eric Jacobson,970,88625922,Adventure|Comedy|Family|Musical,Bill Cobbs,The Muppets ,75176,1336,Steve Whitmire,3,bel air california|book|friends who live together|the muppets|tribute band,252,English,USA,PG,45000000,2011,91,1.85,26000
Color,Frank Coraci,173,117,153,734,Adam Sandler,35000,46280507,Comedy|Romance,Bella Thorne,Blended ,87165,49743,Joel McHale,0,blind date|children|date|daughter|son,184,English,USA,PG-13,40000000,2014,11000,1.85,12000
Color,Andy Tennant,161,110,72,789,Dorian Missick,18000,67061228,Action|Comedy|Romance,Gerard Butler,The Bounty Hunter ,96565,21554,Peter Greene,1,bounty hunter|death|murder|police officer|reporter,135,English,USA,PG-13,40000000,2010,1000,2.35,0
Color,Norman Ferguson,105,88,3,40,Dickie Jones,1000,84300000,Animation|Family|Fantasy|Musical,Mel Blanc,Pinocchio ,90360,1178,Cliff Edwards,0,boy|conscience|fairy|jiminy cricket|pinocchio,147,English,USA,Approved,2600000,1940,48,1.37,0
Color,Brian Helgeland,216,128,241,898,Christopher Meloni,11000,95001343,Biography|Drama|Sport,Harrison Ford,42 ,66511,16911,Nicole Beharie,0,baseball|baseball player|brooklyn dodgers|major league baseball|racism,200,English,USA,PG-13,40000000,2013,3000,2.35,28000
Color,Pete Travis,235,90,38,882,Edgar Ramírez,2000,72266306,Crime|Drama|Mystery|Thriller,Dennis Quaid,Vantage Point ,127528,6775,William Hurt,4,explosion|multiple perspectives|president|secret service|shooting,422,English,USA,PG-13,40000000,2008,897,2.35,0
Color,Peter Chelsom,118,106,23,418,Nick Cannon,1000,57887882,Comedy|Drama|Romance,Lisa Ann Walter,Shall We Dance ,35508,2325,Omar Benson Miller,2,dance|dance competition|dance lesson|love|teacher,211,English,USA,PG-13,50000000,2004,593,1.85,0
Color,Christopher Nolan,341,130,22000,19000,Hugh Jackman,23000,53082743,Drama|Mystery|Sci-Fi|Thriller,Christian Bale,The Prestige ,844052,63986,Scarlett Johansson,1,illusion|magician|obsession|rivalry|secret,1100,English,USA,PG-13,40000000,2006,20000,2.35,49000
Color,Mathieu Kassovitz,207,98,326,416,Charles S. Dutton,21000,59588068,Horror|Mystery|Thriller,Robert Downey Jr.,Gothika ,89557,22318,Bernard Hill,1,memory|murder|patient|psychiatrist|the devil,376,English,USA,R,40000000,2003,534,1.85,0
Color,Steven Spielberg,77,155,14000,11000,Morgan Freeman,12000,44175394,Drama|History,Anthony Hopkins,Amistad ,56509,37570,Matthew McConaughey,2,courtroom|mutiny|ship|slave ship|slave trade,227,English,USA,R,36000000,1997,11000,1.85,0
Color,Anne Fletcher,147,95,98,78,Tom Virtue,405,37101011,Comedy|Drama,Miriam Margolyes,The Guilt Trip ,30394,1070,Julene Renee,1,cross country|love|mother son relationship|on the road|trip,103,English,USA,PG-13,40000000,2012,358,2.35,0
Color,Wes Craven,420,111,0,687,Aimee Teegarden,2000,38176892,Horror|Mystery,Alison Brie,Scream 4 ,104119,4486,Shenae Grimes-Beech,0,author|book|deputy|murder|sheriff,518,English,USA,R,40000000,2011,741,2.35,26000
Color,Mimi Leder,157,123,75,754,Haley Joel Osment,18000,33508922,Drama,Kevin Spacey,Pay It Forward ,95860,23920,Angie Dickinson,2,alcoholism|boy|good deed|protective male|teacher,660,English,USA,PG-13,40000000,2000,3000,1.85,16000
Color,Seth MacFarlane,303,136,3000,3000,Charlize Theron,14000,42615685,Comedy|Western,Liam Neeson,A Million Ways to Die in the West ,136093,28927,Seth MacFarlane,3,dancing sheep|fetish|musical scene|racial humor|snake poison,416,English,USA,R,40000000,2014,9000,2.35,24000
Color,Roger Michell,212,107,50,58,Patti D'Arbanville,293,30993544,Comedy|Drama|Romance,Noah Bean,Morning Glory ,58871,621,Vanessa Aspillaga,0,job offer|roller coaster|slow motion action scene|slow motion sequence|television,156,English,USA,PG-13,40000000,2010,117,2.35,0
Color,John Carpenter,40,99,0,402,Michael McKean,782,14358033,Comedy|Romance|Sci-Fi|Thriller,Richard Epcar,Memoirs of an Invisible Man ,17365,2125,Patricia Heaton,2,accident|bar|chase|cia|laboratory,66,English,USA,PG-13,40000000,1992,658,2.35,630
Color,Malcolm D. Lee,88,100,92,706,Sean Hayes,1000,12081447,Comedy|Drama|Music,Bernie Mac,Soul Men ,7794,4103,Mike Epps,2,band|masturbation|reunion|singer|tribute,25,English,USA,R,NA,2008,760,2.35,866
Color,Robert Luketic,174,96,126,954,John Michael Higgins,18000,88915214,Comedy|Romance,Gerard Butler,The Ugly Truth ,163665,22436,Eric Winter,2,call in|chick flick|date|hot air balloon|show producer,169,English,USA,R,38000000,2009,957,2.35,9000
Color,Jonathan Lynn,23,93,36,275,Phil Hartman,592,30400000,Comedy,Austin Pendleton,Sgt. Bilko ,17810,2176,Max Casella,2,greenland|military|revenge|soldier|u.s. soldier,73,English,USA,PG,39000000,1996,516,2.35,478
Black and White,Gary Fleder,86,130,39,534,Nicole Beharie,2000,9589875,Biography|Drama|Sport,Dennis Quaid,The Express ,16673,5162,Charles S. Dutton,0,african american|coach|football movie|nonlinear timeline|syracuse university,45,English,USA,PG,40000000,2008,898,2.35,0
Color,Kirk Jones,170,110,52,651,Dennis Quaid,10000,41102171,Comedy|Drama|Romance,Anna Kendrick,What to Expect When You're Expecting ,57266,13396,Thomas Lennon,12,baby|expecting twins|hawaiian shirt|photographer|pregnancy,89,English,USA,PG-13,40000000,2012,2000,2.35,14000
Color,Kevin Smith,203,107,0,574,Tracy Morgan,13000,44867349,Action|Comedy|Crime,Bruce Willis,Cop Out ,75347,14483,Kevin Pollak,2,baseball card|detective|partner|thief|wedding,176,English,USA,R,37000000,2010,642,2.35,0
Color,Steve Pink,265,101,38,318,Collette Wolfe,496,50213619,Comedy|Sci-Fi,Charlie McDermott,Hot Tub Time Machine ,139184,1272,Crystal Lowe,8,cheating wife|drug reference|maintenance man|male vomiting|promiscuous woman,243,English,USA,R,36000000,2010,390,1.85,12000
Color,Cameron Crowe,138,105,488,13000,Bradley Cooper,15000,20991497,Comedy|Drama|Romance,Emma Stone,Aloha ,39778,44037,Bill Murray,1,box office flop|critically bashed|hawaii|one word title|written by director,172,English,USA,PG-13,37000000,2015,14000,1.85,11000
Color,Rob Reiner,31,130,0,723,Virginia Madsen,2000,13052741,Drama|History,Alexa PenaVega,Ghosts of Mississippi ,8531,3968,Craig T. Nelson,0,activist|assassin|civil rights|trial|widow,57,English,USA,PG-13,36000000,1996,912,1.85,591
Color,Wes Craven,256,101,0,574,Lin Shaye,40000,26505000,Horror,Johnny Depp,A Nightmare on Elm Street ,149285,42918,Amanda Wyss,1,freddy krueger|lucid dream|serial killer|slasher|sleep deprivation,668,English,USA,X,1800000,1984,852,1.85,10000
Color,Michael Tollin,74,109,19,568,Riley Smith,1000,52277485,Biography|Drama|Sport,Alfre Woodard,Radio ,32370,4231,Debra Winger,1,coach|football|football coach|high school|radio,196,English,USA,PG,35000000,2003,762,1.85,0
Color,Gary David Goldberg,120,98,30,664,Victor Webster,944,43894863,Comedy|Romance,Stockard Channing,Must Love Dogs ,25883,4879,Elizabeth Perkins,2,date|dating|dog|love|teacher,262,English,USA,PG-13,30000000,2005,940,2.35,0
Color,Michael Ritchie,40,102,23,57,Vic Morrow,288,NA,Comedy|Drama|Family|Sport,Tatum O'Neal,The Bad News Bears ,16323,677,Joyce Van Patten,1,baseball|california|coach|little league|swimming pool,91,English,USA,PG,NA,1976,257,1.85,0
Color,Anne Fletcher,155,87,98,253,Richard T. Jones,472,34507079,Action|Comedy|Crime,Jim Gaffigan,Hot Pursuit ,34948,1679,Michael Mosley,2,danger|drug cartel|female cop|female police officer|fugitive,118,English,USA,PG-13,35000000,2015,328,2.35,0
Color,Robert Redford,227,92,0,10000,Tom Cruise,11000,14998070,Drama|Thriller|War,Meryl Streep,Lions for Lambs ,41170,32875,Andrew Garfield,3,afghanistan|professor|reporter|student|university,298,English,USA,R,35000000,2007,10000,2.35,0
Color,Rupert Wainwright,131,103,9,573,Enrico Colantoni,826,50041732,Horror,Nia Long,Stigmata ,54390,3004,Portia de Rossi,0,catholic|priest|stigmata|vatican|wound,398,English,USA,R,29000000,1999,724,2.35,0
Color,Mark Dindal,18,75,10,826,Frank Welker,3000,3562749,Animation|Comedy|Family|Fantasy|Musical,George Kennedy,Cats Don't Dance ,5600,7394,Hal Holbrook,0,animal|cat|child star|hollywood|star,49,English,USA,G,32000000,1997,2000,1.33,643
Black and White,Steven Soderbergh,183,105,0,308,Beau Bridges,845,1304837,Drama|Mystery|Thriller,Tony Curran,The Good German ,21481,2355,Leland Orser,2,american|driver|journalist|russian|secret,175,English,USA,R,32000000,2006,552,1.66,559
Color,Nanette Burstein,167,102,8,472,Kelli Garner,839,17797316,Comedy|Romance,Rob Riggle,Going the Distance ,50523,2961,Jim Gaffigan,0,bar|job|long distance relationship|male pubic hair|pubic hair,113,English,USA,R,32000000,2010,730,2.35,0
Color,John Francis Daley,204,99,0,816,Norman Reedus,26000,58879132,Adventure|Comedy,Chris Hemsworth,Vacation ,66123,40312,Beverly D'Angelo,4,amusement park|dysfunctional family|road trip|sequel|vacation,219,English,USA,R,31000000,2015,12000,2.35,28000
Color,Barry Sonnenfeld,55,99,188,436,Raul Julia,1000,113502246,Comedy|Fantasy,Anjelica Huston,The Addams Family ,96607,3696,Carel Struycken,0,accountant|loan shark|macabre|uncle|uncle fester,125,English,USA,PG-13,38000000,1991,1000,1.85,5000
Color,James Gartner,95,118,0,543,Austin Nichols,696,42643187,Biography|Drama|Sport,Mehcad Brooks,Glory Road ,34910,2577,Derek Luke,1,coach|college basketball|national championship|ncaa|texas,145,English,USA,PG,NA,2006,663,2.35,0
Color,Denis Villeneuve,478,121,777,219,Bernardo Saracino,455,46875468,Action|Crime|Drama|Mystery|Thriller,Edgar Arreola,Sicario ,196217,1467,Daniel Kaluuya,2,critically acclaimed|drug cartel|juarez mexico|u.s. mexico border|war on drugs,461,English,USA,R,30000000,2015,221,2.39,59000
Color,Lee Toland Krieger,214,112,43,1000,Michiel Huisman,11000,42478175,Drama|Fantasy|Romance,Harrison Ford,The Age of Adaline ,93767,15327,Ellen Burstyn,1,hit by a pickup truck|immortality|paramedic|resuscitation|san francisco california,209,English,USA,PG-13,25000000,2015,2000,2.35,34000
Color,Frank Oz,63,102,0,413,Jim Belushi,13000,38747385,Comedy|Horror|Musical|Sci-Fi,Bill Murray,Little Shop of Horrors ,49349,15308,Tisha Campbell-Martin,2,eclipse|florist|nerd|plant|shop,165,English,USA,PG-13,25000000,1986,854,1.85,0
Color,Joe Wright,417,111,456,21,Vicky Krieps,157,40247512,Action|Drama|Thriller,Jessica Barden,Hanna ,159198,257,John Macmillan,0,assassin|female warrior|martial arts|playground|training,438,English,USA,PG-13,30000000,2011,33,2.35,38000
Color,Sam Weisman,64,94,39,506,Larry Miller,1000,32095318,Comedy|Crime,Bernie Mac,What's the Worst That Could Happen? ,12466,3664,Richard Schiff,0,businessman|ring|thief|vulgarity|washington d.c.,84,English,USA,PG-13,45000000,2001,611,1.85,304
Color,Brett Leonard,44,106,32,650,Costas Mandylor,18000,24048000,Action|Crime|Sci-Fi|Thriller,Denzel Washington,Virtuosity ,23579,20772,Traci Lords,1,android|ex cop|serial killer|virtual character come to life|virtual reality,88,English,USA,R,30000000,1995,723,2.35,0
Color,Edward Zwick,219,112,380,2000,Anne Hathaway,15000,32357532,Comedy|Drama|Romance,Jake Gyllenhaal,Love & Other Drugs ,143368,31278,Judy Greer,0,female nudity|male objectification|pfizer|viagra|zoloft,215,English,USA,R,30000000,2010,11000,1.85,24000
Color,Jon Avnet,158,108,50,494,Alicia Witt,14000,16930884,Crime|Drama|Mystery|Thriller,Al Pacino,88 Minutes ,65628,16722,Deborah Kara Unger,1,death|fbi|forensics|murder|serial killer,262,English,USA,R,30000000,2007,975,2.35,0
Black and White,Lawrence Kasdan,65,112,759,933,Alfre Woodard,11000,4554569,Comedy|Drama,Zooey Deschanel,Mumford ,8134,17873,Mary McDonnell,4,college|drugs|patient|psychologist|secret,123,English,USA,R,28000000,1999,1000,2.35,209
Color,F. Gary Gray,349,167,473,303,Neil Brown Jr.,559,161029270,Biography|Crime|Drama|History|Music,Aldis Hodge,Straight Outta Compton ,119928,2702,R. Marcos Taylor,0,concert|gangsta rap|hip hop|nwa|rap music,331,English,USA,R,28000000,2015,427,2.35,76000
Color,Ridley Scott,302,117,0,521,Sean Young,11000,27000000,Sci-Fi|Thriller,Harrison Ford,Blade Runner ,461609,13877,M. Emmet Walsh,2,artificial intelligence|human android relationship|megacorporation|police detective|tech noir,1168,English,USA,R,28000000,1982,759,2.35,34000
Color,McG,211,123,368,114,Richard Sammel,933,30688364,Action|Drama|Thriller,Connie Nielsen,3 Days to Kill ,69355,1286,Tómas Lemarquis,0,cancer|estranged wife|leather dress|spy|terrorist,211,English,USA,PG-13,28000000,2014,194,2.35,10000
Color,Philip Kaufman,80,193,133,820,Scott Glenn,2000,21500000,Adventure|Drama|History,Dennis Quaid,The Right Stuff ,45271,6341,Sam Shepard,0,astronaut|sound barrier|space program|u.s. air force|u.s. space program,170,English,USA,PG,27000000,1983,826,1.85,0
Color,John Madden,134,123,108,239,Martin Clunes,1000,100241322,Comedy|Drama|Romance,Tom Wilkinson,Shakespeare in Love ,175524,1690,Simon Callow,0,actor|audition|muse|playwright|theater,752,English,USA,R,25000000,1998,264,2.35,0
Color,Kevin Costner,153,139,0,648,Michael Jeter,3000,58328680,Drama|Romance|Western,Robert Duvall,Open Range ,54096,5458,Julian Richings,0,boss|cattle|cowboy|rancher|violence,494,English,USA,R,22000000,2003,693,2.35,0
Color,Michael Bay,335,129,0,385,Larry Hankin,12000,49874933,Comedy|Crime|Drama,Dwayne Johnson,Pain & Gain ,161168,13573,Michael Rispoli,4,american dream|bodybuilder|money|punch into the camera|reference to julia roberts,287,English,USA,R,26000000,2013,412,2.35,43000
Color,Mel Gibson,406,120,0,113,Maia Morgenstern,260,499263,Drama,Christo Jivkov,The Passion of the Christ ,179235,705,Hristo Shopov,0,anti semitism|cult film|grindhouse|suffering|torture,2814,Aramaic,USA,R,30000000,2004,252,2.35,13000
Color,Michael Hoffman,85,118,97,437,Gerald McRaney,775,26761283,Drama|Romance,Luke Bracey,The Best of Me ,43084,3197,Clarke Peters,0,adultery|based on novel|heart transplant|infidelity|protective male,99,English,USA,PG-13,26000000,2014,523,2.35,19000
Color,Harald Zwart,79,102,91,434,Frankie Muniz,1000,47285499,Action|Adventure|Comedy|Crime|Family|Romance|Thriller,Daniel Roebuck,Agent Cody Banks ,26755,3037,Chris Gauthier,3,cia|nanobot|prep school|scientist|teenager,104,English,USA,PG,26000000,2003,934,2.35,542
Color,Brett Ratner,29,97,420,585,Paul Sorvino,695,41067398,Action|Comedy|Crime|Thriller,Heather Locklear,Money Talks ,22748,2530,Faizon Love,2,blood splatter|fistfight|murder|police|prison bus,41,English,USA,R,25000000,1997,635,2.35,666
Color,Paul Thomas Anderson,398,158,0,104,Paul F. Tompkins,272,40218903,Drama,Jim Meskimen,There Will Be Blood ,372990,533,Kevin Breznahan,0,alcoholic|alcoholism|money|oil|turn of the century,1107,English,USA,R,25000000,2007,111,2.35,16000
Color,Spike Lee,48,136,0,3000,Milla Jovovich,18000,21554585,Drama|Sport,Denzel Washington,He Got Game ,36108,37315,Rosario Dawson,0,basketball|basketball player|female nudity|porn actor in mainstream movie|prison,109,English,USA,R,25000000,1998,14000,1.85,0
Color,Jeremy Leven,44,97,19,977,Marlon Brando,40000,22200000,Comedy|Drama|Romance,Johnny Depp,Don Juan DeMarco ,41310,52122,Faye Dunaway,3,don juan|mental institution|patient|psychiatrist|retirement,117,English,USA,PG-13,25000000,1994,10000,1.85,0
Color,Catherine Hardwicke,119,107,308,872,Michael Angarano,13000,11008432,Biography|Drama|Sport,Heath Ledger,Lords of Dogtown ,43903,16651,Rebecca De Mornay,0,1970s|skateboarder|skateboarding|surf|swimming pool,194,English,USA,PG-13,25000000,2005,947,1.85,5000
Color,Richard Benjamin,20,105,121,354,Jane Krakowski,3000,10070000,Comedy|Drama|Romance,Brendan Fraser,Mrs. Winterbourne ,5668,5023,Cathryn de Prume,3,love|train|train wreck|twin brother|two word title,50,English,USA,PG-13,25000000,1996,624,1.85,491
Color,Rachel Talalay,60,104,54,919,Lori Petty,6000,4064333,Action|Comedy|Sci-Fi,Naomi Watts,Tank Girl ,24790,9662,Jeff Kober,0,2030s|21st century|desert|jet|tank,173,English,USA,R,25000000,1995,923,2.35,0
Color,Jeffrey W. Byrd,23,95,2,807,Loretta Devine,927,4006906,Comedy|Crime,Donald Faison,King's Ransom ,3229,4990,Regina Hall,7,hit in the crotch|kidnapping|nail gun|police|release from prison,20,English,USA,PG-13,15000000,2005,912,1.85,83
Color,Gavin O'Connor,123,98,149,439,Noah Emmerich,20000,1512815,Action|Drama|Western,Natalie Portman,Jane Got a Gun ,8885,21414,Boyd Holbrook,0,brothel|death of husband|ex lover|haunted by the past|redemption,56,English,USA,R,25000000,2016,617,2.35,0
Color,Todd Phillips,123,88,480,497,Leah Remini,8000,74608545,Comedy,Will Ferrell,Old School ,185258,10325,Patrick Fischler,4,college|fraternity|friend|house|party,404,English,USA,R,24000000,2003,909,2.35,0
Color,Terry Gilliam,84,137,0,161,David Hyde Pierce,12000,41895491,Comedy|Drama|Fantasy,Jeff Bridges,The Fisher King ,63274,12947,Harry Shearer,1,friendship|holy grail|massacre|redemption|video store,170,English,USA,R,24000000,1991,443,1.85,12000
Color,James Mangold,133,127,446,898,Clea DuVall,11000,28871190,Biography|Drama,Angelina Jolie Pitt,"Girl, Interrupted ",125421,13433,Vanessa Redgrave,0,1960s|father daughter incest|mental hospital|suicide|suicide attempt,385,English,USA,R,24000000,1999,1000,1.85,0
Color,Tim Hill,70,87,25,611,F. Murray Abraham,1000,16290976,Adventure|Comedy|Family|Fantasy|Music|Sci-Fi,Josh Charles,Muppets from Space ,14637,3243,David Arquette,0,alien|breakfast|escape|rat|ufo,100,English,USA,G,24000000,1999,670,1.85,619
Color,Ron Shelton,73,124,41,197,Robert Wagner,512,8427204,Comedy|Drama|Sport,Willie Garson,Play It to the Bone ,10100,1523,Lolita Davidovich,0,boxing movie|friendship|highway travel|male rear nudity|road movie,59,English,USA,R,24000000,1999,481,2.35,153
Color,Douglas McGrath,169,89,41,847,Busy Philipps,2000,9639242,Comedy|Romance,Olivia Munn,I Don't Know How She Does It ,16437,5470,Jessica Szohr,0,black comedy|delivery boy|dinner|gym|punishment,68,English,USA,PG-13,24000000,2011,1000,1.85,0
Color,Ruben Fleischer,445,88,181,11,Bill Murray,15000,75590286,Adventure|Comedy|Horror|Sci-Fi,Emma Stone,Zombieland ,386217,28011,Derek Graf,4,amusement park|on the road|zombie|zombie apocalypse|zombie spoof,553,English,USA,R,23600000,2009,13000,2.35,26000
Color,Jerry Zaks,45,98,4,11000,Robert De Niro,29000,12782508,Drama,Leonardo DiCaprio,Marvin's Room ,20163,63194,Meryl Streep,2,house|leukemia|mental institution|nursing home|transplant,71,English,USA,PG-13,23000000,1996,22000,1.85,1000
Color,Mira Nair,118,141,300,73,Roger Lloyd Pack,805,16123851,Drama,Romola Garai,Vanity Fair ,17373,1618,Lillete Dubey,2,aristocrat|english|painter|painting|singer,148,English,USA,PG-13,23000000,2004,539,2.35,767
Color,Mel Brooks,103,96,0,542,Dick Van Patten,1000,38119483,Adventure|Comedy|Sci-Fi,Joan Rivers,Spaceballs ,136667,2936,Michael Winslow,2,parody|planet enclosed within shield|sci fi spoof|self referential|winnebago,273,English,USA,PG,22700000,1987,605,1.85,13000
Color,Ken Scott,168,105,31,110,Bobby Moynihan,390,30659817,Comedy|Drama,Jack Reynor,Delivery Man ,59805,1006,Matthew Daddario,10,children|identity|lawsuit|lawyer|sperm donor,95,English,USA,PG-13,26000000,2013,311,2.35,0
Color,James Wan,511,112,0,697,Lili Taylor,6000,137387272,Horror|Mystery|Thriller,Mackenzie Foy,The Conjuring ,300110,9049,Hayley McFarland,0,based on true story|farmhouse|paranormal investigator|rhode island|supernatural power,807,English,USA,R,20000000,2013,960,2.35,131000
Color,Keenen Ivory Wayans,62,109,322,861,Jaime King,1000,69148997,Comedy|Crime,Busy Philipps,White Chicks ,98794,6313,Brittany Daniel,4,african american|crossdresser|fbi|undercover|vomiting,251,English,USA,PG-13,37000000,2004,960,1.85,0
Color,Neil LaBute,165,110,119,332,Justin Chambers,1000,39263506,Crime|Drama|Thriller,Jay Hernandez,Lakeview Terrace ,40469,2382,Robert Pine,1,interracial couple|lapd|male nudity|neighbor|nudity,135,English,USA,PG-13,22000000,2008,931,2.35,0
Color,Jason Friedberg,122,82,82,354,Dave Foley,759,36658108,Comedy,Diedrich Bader,Vampires Suck ,39095,2898,Anneliese van der Pol,7,cat|friend|love|sheriff|teenager,187,English,USA,PG-13,20000000,2010,401,1.85,16000
Color,Andrew Fleming,93,99,26,650,Laura Harring,720,25584685,Comedy|Crime|Family|Mystery|Romance|Thriller,Kay Panabaker,Nancy Drew ,15877,3327,Tate Donovan,5,chase|clue|detective|movie star|murder,102,English,USA,PG,20000000,2007,669,2.35,590
Color,Robert Rodriguez,103,89,0,470,Leo Howard,87000,20916309,Comedy|Family|Fantasy,Jimmy Bennett,Shorts ,5332,88422,Jake Short,4,boy|family relationships|rock|twin|two headed person,37,English,USA,PG,40000000,2009,570,1.85,431
Black and White,Alfred Hitchcock,290,108,13000,285,Vera Miles,606,32000000,Horror|Mystery|Thriller,Janet Leigh,Psycho ,422432,1885,John Gavin,2,money|motel|rain|shower|theft,1040,English,USA,R,806947,1960,332,1.85,18000
Color,Steve Rash,13,98,15,281,Adam Arkin,691,8500000,Comedy,Mako,Under the Rainbow ,2061,1761,Billy Barty,0,assassin|hotel|japanese tourist|secret service|wizard of oz,34,English,USA,PG,20000000,1981,374,1.78,501
Color,Gore Verbinski,156,102,563,385,Hope Davis,12000,12469811,Comedy|Drama,Nicolas Cage,The Weather Man ,69172,13156,Michael Rispoli,1,corndog|failure|funeral in the rain|new york city|weatherman,316,English,USA,R,22000000,2005,442,1.85,0
Color,David Koepp,210,102,192,31,Dequina Moore,346,13214030,Comedy|Drama|Fantasy|Romance,Aasif Mandvi,Ghost Town ,60516,500,Jordan Carlos,3,bouquet of roses|bright light|cardiopulmonary resuscitation|ghost|white rose,147,English,USA,PG-13,20000000,2008,41,1.85,0
Color,Neil Jordan,20,106,277,383,Demi Moore,22000,10555348,Comedy|Crime,Robert De Niro,We're No Angels ,17349,24887,James Russo,0,con|convict|escape|police|priest,42,English,USA,PG-13,20000000,1989,2000,2.35,855
Color,Daniel Algrant,42,100,3,442,Richard Schiff,14000,121972,Crime|Drama|Mystery,Al Pacino,People I Know ,9868,15612,Mark Webber,3,actor|client|new york|protection|scandal,81,English,USA,R,22000000,2002,506,1.85,217
Color,Michael Dowse,136,97,31,562,Michael Biehn,2000,6923891,Comedy|Drama|Romance,Topher Grace,Take Me Home Tonight ,43867,5519,Dan Fogler,4,friend|night|party|sex scene|sister,83,English,USA,R,23000000,2011,2000,2.35,0
Color,James Schamus,63,110,44,85,Sarah Gadon,8000,560512,Drama,Logan Lerman,Indignation ,550,8972,Tracy Letts,0,based on novel,3,Hebrew,USA,R,NA,2016,691,2,599
Color,Mike Mitchell,91,88,31,489,Eddie Griffin,1000,65535067,Comedy|Romance,Amy Poehler,Deuce Bigalow: Male Gigolo ,59380,2604,Bree Turner,1,aquarium|fish|fish tank|gigolo|norwegian,202,English,USA,R,17000000,1999,489,1.85,0
Color,Kirk Jones,156,94,52,261,Louis Mandylor,567,59573085,Comedy|Family|Romance,Nia Vardalos,My Big Fat Greek Wedding 2 ,13562,2259,Joey Fatone,10,family restaurant|greek|remarriage|suburb|wedding,103,English,USA,PG-13,18000000,2016,312,2.35,19000
Color,Francis Ford Coppola,44,103,0,805,Kathleen Turner,12000,41382841,Comedy|Drama|Fantasy|Romance,Nicolas Cage,Peggy Sue Got Married ,27149,14672,Joan Allen,0,alternate history|alternate timeline|divorce|high school|reunion,96,English,USA,PG-13,18000000,1986,899,1.85,0
Color,Bille Woodruff,97,94,23,582,Mekhi Phifer,2000,30222640,Drama|Music|Romance,Christian Monzon,Honey ,36666,4868,Romeo Miller,2,choreographer|dance|dancer|dancing|hip hop,144,English,USA,PG-13,25000000,2003,1000,1.85,0
Color,Woody Allen,128,94,11000,975,Jon Lovitz,11000,17071230,Comedy|Crime,Woody Allen,Small Time Crooks ,31169,23283,Michael Rapaport,0,apartment building|crook|new york city|three word title|written and directed by cast member,192,English,USA,PG,18000000,2000,11000,1.85,812
Color,Miguel Arteta,192,90,44,729,Ari Graynor,12000,15281286,Comedy|Drama|Romance,Steve Buscemi,Youth in Revolt ,64646,16004,Fred Willard,2,alter ego|boarding school|love|masturbation|teen movie,105,English,USA,R,18000000,2009,904,1.85,0
Color,D.J. Caruso,79,103,154,576,Meat Loaf,1000,676698,Crime|Drama|Mystery|Thriller,Adam Goldberg,The Salton Sea ,26730,4094,Anthony LaPaglia,0,male in shower|murder|neighbor neighbor relationship|remote control car|sex scene,180,English,USA,R,18000000,2002,783,1.85,2000
Color,Luke Greenfield,129,104,42,613,Damon Wayans Jr.,839,82389560,Comedy,Rob Riggle,Let's Be Cops ,106820,3627,James D'Arcy,1,friendship between men|impersonating a police officer|mobster|party|police officer,147,English,USA,R,17000000,2014,756,1.85,14000
Color,John Hoffman,52,87,9,503,Molly Shannon,818,37566230,Comedy|Drama|Family|Fantasy|Sci-Fi,Liam Aiken,Good Boy! ,3407,2164,Kevin Nealon,1,dog|friend|neighborhood|planet|star,48,English,USA,PG,17000000,2003,636,1.85,309
Color,Erik White,62,99,17,826,Loretta Devine,918,24708699,Comedy,Brandon T. Jackson,Lottery Ticket ,7991,4797,Shad Moss,7,block party|eurocopter ec120 colibri|fortune cookie|lottery ticket|reverend,30,English,USA,PG-13,NA,2010,912,2.35,0
Color,Chris Robinson,54,105,49,104,Adam Boyer,680,21160089,Comedy|Crime|Drama|Music|Romance,T.I.,ATL ,8522,1538,Malika,0,high school|rollerskating rink|spelman college|twin|voice over narration,92,English,USA,PG-13,NA,2006,503,2.35,874
Color,Steven Shainberg,105,122,30,260,Ty Burrell,21000,220914,Biography|Drama|Romance,Robert Downey Jr.,Fur: An Imaginary Portrait of Diane Arbus ,13239,25173,Matt Servitto,2,character name in title|diane arbus|male full frontal nudity|photographer|pubic hair,97,English,USA,R,16800000,2006,3000,1.85,0
Color,Ang Lee,69,136,0,1000,Kate Winslet,25000,42700000,Drama|Romance,Alan Rickman,Sense and Sensibility ,78392,41059,Tom Wilkinson,2,1810s|female protagonist|horseback riding|inheritance|three word title,196,English,USA,PG,16500000,1995,14000,1.85,0
Color,Peter Weir,96,128,608,1000,Josh Charles,49000,95860116,Comedy|Drama,Robin Williams,Dead Poets Society ,277451,51609,Kurtwood Smith,0,education|english teacher|poet|professor|student,491,English,USA,PG,16400000,1989,1000,1.85,23000
Color,Diane English,124,114,15,650,Debi Mazar,851,26896744,Comedy|Drama,Jada Pinkett Smith,The Women ,16582,3485,Debra Messing,4,beauty salon|divorce|fashion|new york|perfume,125,English,USA,PG-13,16500000,2008,680,1.85,0
Color,Robert Iscove,67,94,7,95,Amanda Detmer,3000,20627372,Comedy|Drama|Romance,Alyson Hannigan,Boys and Girls ,13661,3451,Tsianina Joelson,3,best friend|break up|friendship|graduation|male in underwear,134,English,USA,PG-13,16000000,2000,240,1.85,487
Color,Clare Kilner,46,101,6,258,Alexandra Holden,812,14108518,Comedy|Drama|Romance,Dylan Baker,How to Deal ,8215,1882,Trent Ford,1,best friend|high school|mother|sister|wedding,95,English,USA,PG-13,16000000,2003,326,1.85,371
Color,Jonathan Demme,68,125,438,372,Tom Hanks,18000,77324422,Drama,Denzel Washington,Philadelphia ,178731,33865,Jason Robards,2,aids|city name in title|gay|homophobia|lawyer,261,English,USA,PG-13,26000000,1993,15000,1.85,0
Color,Tyler Perry,41,113,0,607,Tasha Smith,2000,55184721,Comedy|Drama,Michael Jai White,Why Did I Get Married? ,9811,6510,Lamman Rucker,8,marriage|overweight|psychologist|secret|work,100,English,USA,PG-13,15000000,2007,721,1.85,1000
Color,Denzel Washington,112,126,18000,697,Jurnee Smollett-Bell,18000,30226144,Biography|Drama,Denzel Washington,The Great Debaters ,47626,22745,John Heard,1,college|debate|student|texas|wiley college,118,English,USA,PG-13,15000000,2007,2000,2.35,0
Color,Nicholas Hytner,65,111,13,106,Tim Daly,818,29106737,Comedy|Drama|Romance,Liam Aiken,The Object of My Affection ,15582,1450,Kali Rocha,0,baby|dancing|gay|name calling|penis slur,132,English,USA,R,15000000,1998,511,1.85,849
Color,Thomas Carter,50,115,49,100,Matthew Daddario,116,30127963,Drama|Family|Sport,Jessie T. Usher,When the Game Stands Tall ,12596,525,Ser'Darius Blain,0,coach|high school football,64,English,USA,PG,15000000,2014,110,1.85,0
Color,Derek Cianfrance,417,140,310,619,Ben Mendelsohn,33000,21383298,Crime|Drama|Thriller,Ryan Gosling,The Place Beyond the Pines ,187170,34413,Angelo Anthony Pizza,3,bank|carnival|motorcycle|police|rookie cop,376,English,USA,R,15000000,2012,748,2.35,47000
Color,Lone Scherfig,221,107,92,358,Jim Sturgess,11000,13766014,Drama|Romance,Anne Hathaway,One Day ,106111,17627,Rafe Spall,0,23 year time span|accidental death|best friend|loss of loved one|male female friendship,181,English,USA,PG-13,15000000,2011,5000,2.35,49000
Color,Ryûhei Kitamura,177,103,129,1000,Brooke Shields,14000,73548,Fantasy|Horror|Mystery,Bradley Cooper,The Midnight Meat Train ,47574,18639,Leslie Bibb,0,butcher|girlfriend|mute character|photographer|subway,209,English,USA,R,15000000,2008,1000,2.35,0
Color,Jake Paltrow,50,93,17,66,Gael Le Cornec,1000,20380,Comedy|Drama|Fantasy|Music|Romance,Stephen Graham,The Good Night ,7519,1245,Keith Allen,1,commercial|dream|dreaming|girl|new york city,39,English,USA,R,15000000,2007,165,1.85,445
Color,Garry Marshall,82,125,0,700,Hector Elizondo,8000,178406268,Comedy|Romance,Julia Roberts,Pretty Woman ,213476,11135,Jason Alexander,2,businessman|falling in love with a prostitute|hotel|prostitute|rich man poor woman,271,English,USA,R,14000000,1990,995,1.85,11000
Color,Patrick Lussier,264,101,71,725,Jaime King,10000,51527787,Horror|Thriller,Jensen Ackles,My Bloody Valentine ,45603,14159,Edi Gathegi,0,coma|death|miner|valentine|valentine's day,268,English,USA,R,15000000,2009,960,1.85,0
Color,Sylvain White,86,109,41,748,Laz Alonso,997,61356221,Drama|Music|Romance,Chris Brown,Stomp the Yard ,19505,3544,Harry Lennix,0,atlanta georgia|competition|dancer|death|fraternity,162,English,USA,PG-13,14000000,2007,826,2.35,0
Color,John Singleton,12,109,309,279,Khandi Alexander,592,27515786,Drama|Romance,Janet Jackson,Poetic Justice ,8904,1620,Maya Angelou,0,african american|mail carrier|poetry|postal worker|south central los angeles,31,English,USA,R,14000000,1993,556,1.85,0
Color,Tom Holland,73,93,85,514,Bethany Joy Lenz,1000,15171475,Fantasy|Horror,Joe Mantegna,Thinner ,19805,2777,Kari Wuhrer,0,death|doctor|gypsy|judge|lawyer,122,English,USA,R,8500000,1996,855,1.85,0
Color,Kenneth Lonergan,116,186,50,338,Kieran Culkin,13000,46495,Drama,Matt Damon,Margaret ,12053,14638,John Gallagher Jr.,1,accident|bus|loss of virginity|new york city|virginity,119,English,USA,R,14000000,2011,1000,1.85,0
Color,Jon M. Chu,84,115,209,41,Sean Kingston,569,73000942,Documentary|Music,Usher Raymond,Justin Bieber: Never Say Never ,74351,714,Boys II Men,1,boyhood friend|manager|plasma tv|prodigy|star,233,English,USA,G,13000000,2011,69,1.85,62000
Color,Gil Junger,133,97,19,835,Heath Ledger,23000,38176108,Comedy|Drama|Romance,Joseph Gordon-Levitt,10 Things I Hate About You ,222099,37907,Andrew Keegan,6,dating|protective father|school|shrew|teen movie,549,English,USA,PG-13,16000000,1999,13000,1.85,10000
Color,Gene Quintano,19,84,0,182,Lin Shaye,11000,27979400,Action|Comedy|Crime,Jon Lovitz,Loaded Weapon 1 ,37611,12322,Bill Nunn,2,cookie|detective|microfilm|parody|sergeant,72,English,USA,PG-13,8200000,1993,852,1.85,0
Color,Paul Weitz,150,107,80,252,Sarita Choudhury,2000,18004225,Comedy|Drama|Romance,Tina Fey,Admission ,28573,3004,Christopher Evan Welch,2,adoption|female protagonist|princeton university|wedding|working women,87,English,USA,PG-13,13000000,2013,257,2.35,5000
Color,Denzel Washington,121,117,18000,543,Kevin Connolly,18000,21078145,Biography|Drama,Denzel Washington,Antwone Fisher ,26493,20456,Derek Luke,0,black american|extortion|navy|psychiatrist|sailor,159,English,USA,PG-13,12500000,2002,638,2.35,0
Color,William Friedkin,304,132,607,259,Linda Blair,1000,204565000,Horror,Ellen Burstyn,The Exorcist ,284252,2466,Lee J. Cobb,0,demonic possession|exorcism|exorcist|loss of innocence|priest,1058,English,USA,R,8000000,1973,931,1.37,18000
Color,Steven Spielberg,385,130,14000,366,Robert Shaw,813,260000000,Adventure|Drama|Thriller,Roy Scheider,Jaws ,412454,2047,Murray Hamilton,0,beach|blockbuster|fishing|great white shark|shark,962,English,USA,PG,8000000,1975,559,2.35,21000
Color,Mike McCoy,216,110,16,11,Jason Cottle,93,70011073,Action|Adventure|Drama|Thriller|War,Alex Veadov,Act of Valor ,57996,146,Rorke Denver,0,mission|navy seal|terrorist|torture|valor,349,English,USA,R,12000000,2012,17,2.35,15000
Color,Jon Hurwitz,153,102,22,816,Eric Winter,1000,38087366,Adventure|Comedy,Danneel Ackles,Harold & Kumar Escape from Guantanamo Bay ,113918,4065,Beverly D'Angelo,2,bong|escape|ex girlfriend|guantanamo bay|texas,165,English,USA,R,12000000,2008,954,1.85,0
Color,Tim Hill,37,91,25,611,Amber Valletta,833,17292381,Comedy|Crime|Family,Noel Fisher,Max Keeble's Big Move ,5794,4551,Larry Miller,0,bully|moving|principal|revenge|school,69,English,USA,PG,12000000,2001,626,1.85,371
Color,Wallace Wolodarsky,53,93,32,503,Barry Watson,529,10198766,Comedy,Heather Matarazzo,Sorority Boys ,12007,2393,Harland Williams,3,college|cruise|drag|female armpit hair|sorority,105,English,USA,R,12000000,2002,526,1.85,507
Color,Christopher Guest,144,86,378,783,Catherine O'Hara,957,5542025,Comedy,John Michael Higgins,For Your Consideration ,12197,3535,Ed Begley Jr.,0,actor|internet|make up|publicist|purim,150,English,USA,PG-13,12000000,2006,925,1.85,650
Color,Ryan Murphy,132,122,708,316,Joseph Cross,433,6754898,Comedy|Drama,Jill Clayburgh,Running with Scissors ,20000,1291,Dagmara Dominczyk,0,alcoholic|fame|therapist|writer|writing,188,English,USA,R,12000000,2006,398,2.35,0
Color,Roger Spottiswoode,2,100,55,212,Treat Williams,3000,NA,Adventure|Crime|Thriller,Robert Duvall,The Pursuit of D.B. Cooper ,763,4277,Paul Gleason,0,escape|jumping from an airplane|money|parachute|ransom,10,English,USA,PG,12000000,1981,642,1.85,135
Color,Peter Care,78,104,0,77,Michael Harding,1000,1779284,Comedy|Drama,Kieran Culkin,The Dangerous Lives of Altar Boys ,12047,1292,Jake Richardson,4,book|boy|catholic|comic book|friend,122,English,USA,R,12000000,2002,165,1.85,677
Color,Gregory Poirier,75,95,5,443,Jake Busey,1000,13558739,Comedy,Shannon Elizabeth,Tomcats ,15427,2729,David Ogden Stiers,0,box office flop|critically bashed|dominatrix|friend|money,121,English,USA,R,11000000,2001,660,1.85,449
Color,Ethan Coen,535,104,1000,272,Max Casella,3000,13214255,Drama|Music,Justin Timberlake,Inside Llewyn Davis ,96233,4082,Alex Karpovsky,1,1960s|car hitting an animal|folk singer|friend|singer,313,English,USA,R,11000000,2013,275,1.85,26000
Color,Christopher Cain,43,111,58,258,Taylor Handley,482,1066555,Drama|History|Romance|Western,Jon Gries,September Dawn ,2618,1526,Trent Ford,0,massacre|mormon|settler|utah|wagon train,111,NA,USA,R,11000000,2007,362,1.85,411
Color,Gus Van Sant,161,126,835,893,Matt Damon,49000,138339411,Drama,Robin Williams,Good Will Hunting ,604904,63710,Minnie Driver,2,friend|genius|janitor|loss of wife|professor,682,English,USA,R,10000000,1997,13000,1.85,31000
Color,Darren Lynn Bousman,210,121,163,482,Shawnee Smith,723,80150343,Horror|Mystery,Costas Mandylor,Saw III ,142115,3189,Leigh Whannell,0,brutality|female full frontal nudity|female nudity|torture|trap,614,English,USA,R,10000000,2006,651,1.85,0
Color,Mark L. Lester,124,75,73,581,Vernon Wells,1000,NA,Action|Adventure|Thriller,Bill Duke,Commando ,111649,3192,Rae Dawn Chong,0,body count|dictator|jumping from an airplane|knife fight|one man army,437,English,USA,R,10000000,1985,745,1.85,0
Color,David Lowery,78,102,38,190,Oona Laurence,3000,NA,Adventure|Family|Fantasy,Bryce Dallas Howard,Pete's Dragon ,408,3691,Isiah Whitlock Jr.,0,NA,6,English,USA,PG,65000000,2016,424,2.35,21000
Color,Walter Hill,52,100,394,695,David Carradine,2000,NA,Western,Dennis Quaid,The Long Riders ,7322,6296,Randy Quaid,0,bank|breasts|famous score|last man standing|revenge,78,English,USA,R,10000000,1980,926,1.85,680
Black and White,Lorene Scafaria,265,101,63,172,Mark Moses,7000,6619173,Adventure|Comedy|Drama|Romance|Sci-Fi,Steve Carell,Seeking a Friend for the End of the World ,87203,7747,Rob Huebel,2,candle|end of the world|letter|record|road trip,221,English,USA,R,10000000,2012,353,2.35,25000
Color,Werner Herzog,198,120,0,294,Toby Huss,23000,5484375,Adventure|Biography|Drama|War,Christian Bale,Rescue Dawn ,84641,24270,François Chau,0,bombing|guard|jungle|laos|prisoner,205,English,USA,PG-13,10000000,2006,342,1.85,0
Color,Jason Zada,185,93,4,4,Stephanie Vogt,533,26583369,Horror|Mystery|Thriller,Eoin Macken,The Forest ,20837,578,Gen Seto,1,forest|japan|suicide|suicide forest|supernatural,127,English,USA,PG-13,10000000,2016,35,1.85,10000
Color,Derrick Borte,144,96,17,688,Gary Cole,2000,1474508,Comedy|Drama,Demi Moore,The Joneses ,33473,4607,Robert Pralgo,4,envy|fake family|gadget|materialism|unhappy marriage,88,English,USA,R,5000000,2009,989,2.35,0
Color,Jon Stewart,129,103,593,241,Claire Foy,374,3093491,Biography|Drama,Numan Acar,Rosewater ,8307,1283,Haluk Bilginer,0,based on true story|hijab|journalism|prison|reference to mahmoud ahmedinejad,37,English,USA,R,5000000,2014,362,1.85,5000
Color,Michael Radford,59,97,53,499,Jared Gilman,962,NA,Comedy|Drama|Romance,Chris Noth,Elsa & Fred ,2041,3465,James Brolin,0,apartment|death of protagonist|follow that car|la dolce vita|love,18,English,USA,PG-13,10000000,2014,545,2.35,0
Color,Michael Clancy,27,85,0,742,Rip Torn,11000,70527,Comedy|Drama,Zooey Deschanel,Eulogy ,7690,14656,Kelly Preston,6,dysfunctional family|family relationships|family reunion|funeral|twin,68,English,USA,R,6500000,2004,826,1.85,376
Color,Steve Carr,55,98,41,525,Mike Epps,723,57176582,Comedy,John Witherspoon,Next Friday ,27492,3939,Rolando Molina,1,african american|flashback|marijuana joint|porn magazine|suburb,84,English,USA,R,9500000,2000,706,1.85,0
Color,Valeri Milev,18,88,6,200,Roger Cross,557,NA,Action|Horror,Daniella Alonso,Re-Kill ,1763,1702,Jesse Garcia,0,after dark|after dark horrorfest|fictional tv news show|outbreak,26,English,USA,R,9500000,2015,290,1.78,898
Color,Norman Jewison,66,181,278,51,Paul Michael Glaser,402,50000000,Drama|Family|Musical|Romance,Topol,Fiddler on the Roof ,29839,934,Rosalind Harris,0,immigration|jewish|pogrom|tradition|tradition versus modernity,150,English,USA,G,9000000,1971,343,2.35,0
Color,Joseph Kahn,115,93,33,123,Shanley Caswell,14000,NA,Comedy|Horror|Sci-Fi,Josh Hutcherson,Detention ,12520,15014,Parker Bagley,2,blood splatter|detention|high school|overalls|reference to c. thomas howell,76,English,USA,R,10000000,2011,383,2.35,0
Color,Robert Wise,119,174,338,195,Angela Cartwright,354,163214286,Biography|Drama|Family|Musical|Romance,Eleanor Parker,The Sound of Music ,148172,1495,Nicholas Hammond,3,austria|children|governess|love|orchestral music score,406,English,USA,G,8200000,1965,209,2.35,15000
Color,John Schultz,59,91,13,292,Mark Webber,452,17843379,Comedy|Drama|Romance,Stephen Collins,Drive Me Crazy ,14904,1760,Keri Lynn Pratt,2,centennial|girl|next door neighbor|prom|school,147,English,USA,PG-13,8000000,1999,442,1.85,0
Color,Andrew Wilson,32,99,387,399,Eddie Griffin,8000,127144,Comedy|Drama|Romance,Will Ferrell,The Wendell Baker Story ,5159,9608,Jacob Vargas,4,directorial debut|fantasy sequence|nurse|old age home|prison,27,English,USA,PG-13,8000000,2005,489,2.35,143
Color,Charles Robert Carner,35,97,18,742,Jenny McCarthy,834,4131640,Comedy|Crime,Ivana Milicevic,Witless Protection ,5463,4091,Richard Bull,2,fbi|polo|possum|sheriff|shotgun,20,English,USA,PG-13,7500000,2008,749,1.85,140
Color,Francis Ford Coppola,208,175,0,3000,Marlon Brando,14000,134821952,Crime|Drama,Al Pacino,The Godfather ,1155770,28122,Robert Duvall,1,crime family|mafia|organized crime|patriarch|rise to power,2238,English,USA,R,6000000,1972,10000,1.85,43000
Color,Don Michael Paul,25,93,70,442,Faizon Love,692,5694308,Comedy|Sport,Jeffrey Jones,Who's Your Caddy? ,13815,3128,Lil' Wayne,0,2000s|golf caddy|golf course|golfer|question mark in title,46,English,USA,PG-13,7000000,2007,585,1.85,446
Color,David Mamet,158,99,342,501,Randy Couture,1000,2344847,Drama|Sport,Alice Braga,Redbelt ,18561,2158,Jose Pablo Cantillo,0,bar|debt|fight|instructor|jujitsu,119,English,USA,R,7000000,2008,518,2.35,0
Color,Robert C. Cooper,18,97,49,687,Christopher Judge,878,NA,Action|Adventure|Drama|Fantasy|Sci-Fi,Ben Browder,Stargate: The Ark of Truth ,15862,4334,Julian Sands,5,2000s|evil god|space opera|stargate|wormhole,42,English,USA,NA,NA,2008,847,1.78,389
Color,Richard Linklater,152,102,0,787,Adam Goldberg,14000,7993039,Comedy,Milla Jovovich,Dazed and Confused ,120036,18643,Cole Hauser,1,football|hazing|high school|last day of school|pledge,408,English,USA,R,6900000,1993,1000,1.85,10000
Color,Richard Linklater,231,99,0,84,Brandon Smith,11000,9203192,Comedy|Crime|Drama,Matthew McConaughey,Bernie ,45396,11328,Rick Dial,1,funeral|stockbroker|texas|vacation|widow,136,English,USA,PG-13,5000000,2011,106,1.85,15000
Color,Stiles White,183,89,10,704,Shelley Hennig,852,50820940,Fantasy|Horror,Lin Shaye,Ouija ,31915,5056,Daren Kagasoff,0,death of girlfriend|funeral|ghost|ouija|spirit,159,English,USA,PG-13,5000000,2014,707,2.35,18000
Color,Richard Fleischer,69,127,130,51,Robert J. Wilke,617,NA,Adventure|Drama|Family|Fantasy|Sci-Fi,James Mason,"20,000 Leagues Under the Sea ",22123,799,Paul Lukas,0,captain|expedition|sea|submarine|whale,108,English,USA,Approved,5000000,1954,53,1.37,0
Color,Mike Flanagan,336,104,59,202,Rory Cochrane,972,27689474,Horror|Mystery,James Lafferty,Oculus ,85688,2071,Garrett Ryan,0,home office|mirror|released from a mental hospital|trauma|video camera,339,English,USA,R,5000000,2013,407,2.35,23000
Color,John Erick Dowdle,196,93,66,161,Edwin Hodge,1000,21197315,Horror|Mystery|Thriller,Ben Feldman,"As Above, So Below ",49948,1410,Perdita Weeks,0,archeologist|catacomb|found footage|paris france|philosopher's stone,211,English,USA,R,5000000,2014,200,1.85,14000
Color,Rob Hedden,129,100,6,65,Peter Mark Richman,935,14343976,Adventure|Horror,Kane Hodder,Friday the 13th Part VIII: Jason Takes Manhattan ,22961,1327,Scott Reeves,0,cult film|friday the thirteenth|hockey mask|jason voorhees|murder spree,291,English,USA,R,5000000,1989,120,1.85,1000
Color,Barry Levinson,42,110,272,551,Daniel Stern,801,14100000,Comedy|Drama,Steve Guttenberg,Diner ,14995,2943,Ellen Barkin,6,baltimore colts|diner|marriage|salesman|wedding,87,English,USA,R,5000000,1982,796,1.85,0
Color,J.S. Cardone,56,90,23,560,Kerr Smith,847,6755271,Horror|Thriller,Brendan Fehr,The Forsaken ,7319,3004,Izabella Miko,4,flashing breasts|hitchhiker|vampire|vampire hunter|virus,131,English,USA,R,5000000,2001,591,1.85,327
Color,John Cameron Mitchell,248,91,263,192,Jon Tenney,967,2221809,Drama,Dianne Wiest,Rabbit Hole ,40618,1582,Tammy Blanchard,0,car|comic book|comic book artist|iphone|memory,144,English,USA,PG-13,5000000,2010,289,1.85,0
Color,Jeremy Saulnier,322,95,57,233,Mark Webber,727,3219029,Crime|Horror|Music|Thriller,Alia Shawkat,Green Room ,28845,1836,Joe Cole,0,murder|neo nazi|punk band|skinhead|suspense,125,English,USA,R,5000000,2015,442,2.35,10000
Color,Stephen Herek,19,87,65,686,Callum Blue,866,NA,Comedy|Drama|Fantasy,Henry Ian Cusick,Dead Like Me: Life After Death ,10734,3724,Shenae Grimes-Beech,1,african american policeman|police|policeman|policewoman|vomiting,80,English,USA,R,5000000,2009,738,1.78,887
Color,Peter Hyams,64,130,0,826,Sam Waterston,1000,NA,Action|Sci-Fi|Thriller,David Huddleston,Capricorn One ,15988,5191,Hal Holbrook,0,astronaut|hoax|journalist|mission|nasa,153,English,USA,PG,5000000,1977,849,2.35,2000
Color,Eli Roth,303,93,0,581,Takashi Miike,1000,47277326,Horror,Jay Hernandez,Hostel ,138814,2990,Rick Hoffman,0,bratislava|hostel|sadistic horror|torture|travel,1516,English,USA,R,4800000,2005,1000,2.35,0
Color,Spike Lee,202,108,0,346,Rosario Dawson,22000,13060843,Drama,Philip Seymour Hoffman,25th Hour ,149528,26050,Aaron Stanford,0,bar|dream|drug dealing|nightclub|widower,454,English,USA,R,15000000,2002,3000,2.35,0
Color,Mel Brooks,39,87,0,753,Dom DeLuise,898,NA,Comedy|Romance,Sid Caesar,Silent Movie ,12666,2951,Bernadette Peters,0,black comedy|friend|modern silent movie|silent movie|two word title,61,NA,USA,PG,4400000,1976,842,1.85,629
Color,Duane Journey,46,86,2,555,Lara Flynn Boyle,707,NA,Comedy|Horror,Molly C. Quinn,Hansel & Gretel Get Baked ,2806,2634,Lochlyn Munro,0,hansel and gretel|lesbian kiss|marijuana|witch|witchcraft,11,English,USA,NA,4500000,2013,619,1.78,0
Color,Billy Wilder,34,105,0,116,Harold Gould,597,NA,Comedy|Drama|Romance,Austin Pendleton,The Front Page ,9007,1218,David Wayne,2,1920s|communist|escape from jail|newspaper|reporter,50,English,USA,PG,4000000,1974,222,2.35,661
Color,Roger Avary,143,110,675,968,Faye Dunaway,16000,6525762,Comedy|Drama|Romance,Ian Somerhalder,The Rules of Attraction ,44339,19928,Clifton Collins Jr.,2,bisexual|college|drug dealer|drugs|student,425,English,USA,R,4000000,2002,977,1.85,0
Color,Alfred Hitchcock,50,127,13000,148,John Vernon,204,NA,Drama|Thriller,Roscoe Lee Browne,Topaz ,12677,753,Philippe Noiret,0,1960s|agent|cuba|intelligence|spy,89,English,USA,M,4000000,1969,187,1.85,414
Color,Ron Fricke,115,102,330,0,Balinese Tari Legong Dancers,48,2601847,Documentary|Music,Collin Alfredo St. Dic,Samsara ,22457,48,Puti Sri Candra Dewi,0,hall of mirrors|mont saint michel france|palace of versailles|turkey the country|yellowstone national park,69,None,USA,PG-13,4000000,2011,0,2.35,26000
Color,David Schwimmer,109,106,0,67,Jordan Trovillion,617,58214,Crime|Drama|Thriller,Noah Emmerich,Trust ,34224,916,Zoe Levin,0,counselor|fbi|revenge motive|school|teenage girl,137,English,USA,R,9500000,2010,163,2.35,10000
Color,Sam Levinson,46,119,8,2000,Ezra Miller,3000,NA,Comedy|Drama,George Kennedy,Another Happy Day ,3297,10984,Demi Moore,4,countryside|marriage|maryland|usa|wedding,42,English,USA,R,4000000,2011,3000,2.35,798
Black and White,John Schlesinger,88,113,154,77,Barnard Hughes,183,NA,Drama,Brenda Vaccaro,Midnight Cowboy ,76616,465,John McGiver,2,gay|homosexual|homosexuality|hustler|male rear nudity,334,English,USA,X,3600000,1969,89,1.85,0
Color,Fred Zinnemann,25,149,160,75,Peter Finch,157,NA,Drama,Colleen Dewhurst,The Nun's Story ,7071,646,Beatrice Straight,0,belgium|congo|convent|nun|nurse,83,English,USA,Not Rated,3500000,1959,139,1.78,930
Color,Jack Smight,22,121,22,367,Robert Wagner,606,NA,Action|Crime|Drama|Mystery|Thriller,Janet Leigh,Harper ,5941,2402,Shelley Winters,1,kidnapping|los angeles california|neo noir|private detective|ransom,74,English,USA,Not Rated,3500000,1966,481,2.35,470
Color,Spike Lee,53,115,0,360,Cedric the Entertainer,1000,38168022,Comedy|Documentary,Bernie Mac,The Original Kings of Comedy ,4687,1964,Steve Harvey,0,backstage|comedian|concert film|emcee|stand up comedian,83,English,USA,R,3000000,2000,436,1.85,290
Color,Michel Gondry,114,100,1000,220,Dave Chappelle,989,11694528,Comedy|Documentary|Music,Common,Dave Chappelle's Block Party ,7721,2165,Lauryn Hill,0,block party|marching band|neighborhood|new york city|tyrannosaurus rex,72,English,USA,R,3000000,2005,744,1.85,635
Color,Benny Boom,49,84,23,706,Donald Faison,1000,10017041,Action|Comedy|Crime,Omari Hardwick,Next Day Air ,8265,4815,Mike Epps,3,cocaine|package|slow motion scene|topless female nudity|wrong address,20,English,USA,R,3000000,2009,927,1.85,545
Color,Leslye Headland,156,87,21,416,Adam Scott,4000,418268,Comedy|Romance,Kirsten Dunst,Bachelorette ,37156,8353,Andrew Rannells,3,bachelorette party|drug use|high school|overdose|wedding dress,129,English,USA,R,3000000,2012,3000,2.35,0
Color,Youssef Delara,17,88,8,471,David Bianchi,2000,NA,Thriller,Noel Gugliemi,Enter the Dangerous Mind ,704,4469,Jason Priestley,0,dubstep|tied feet,9,English,USA,NA,800000,2013,715,2.35,406
Color,Frank Capra,21,136,964,248,Glenn Ford,931,NA,Comedy|Drama,Ann-Margret,Pocketful of Miracles ,4313,2167,Thomas Mitchell,2,1930s|apple|dude|luck|new york city,40,English,USA,Approved,2900000,1961,416,2.35,612
Color,Craig Brewer,159,116,153,165,Paula Jai Parker,275,22201636,Crime|Drama|Music,Isaac Hayes,Hustle & Flow ,33567,727,Elise Neal,1,baby|friend|hip hop|pimp|stripper,206,English,USA,R,8000000,2005,247,1.85,0
Black and White,Victor Fleming,213,102,149,357,Terry,695,22202612,Adventure|Family|Fantasy|Musical,Margaret Hamilton,The Wizard of Oz ,291875,2509,Billie Burke,3,evil witch|tornado|witch|wizard|wizard of oz,533,English,USA,Passed,2800000,1939,421,1.37,14000
Black and White,Victor Fleming,9,122,149,315,Esther Williams,760,NA,Drama|Fantasy|Romance|War,Spencer Tracy,A Guy Named Joe ,1553,2555,Irene Dunne,0,heaven|pilot|teacher|training|world war two,27,English,USA,Passed,2627000,1943,675,1.37,116
Color,Tony Giglio,66,100,6,209,Nick Searcy,331,NA,Horror|Thriller,Brianna Brown,Timber Falls ,5012,1082,Beth Broderick,1,hiking|voyeur|voyeurism|west virginia|woods,47,English,USA,R,2600000,2007,272,1.85,254
Color,Tom Hanks,75,149,15000,982,Charlize Theron,15000,25809813,Comedy|Drama|Music,Tom Hanks,That Thing You Do! ,50311,28713,Ethan Embry,6,band|drummer|jazz|pennsylvania|song,212,English,USA,PG,26000000,1996,9000,1.37,0
Color,Spike Lee,28,120,0,702,Harry Lennix,1000,5731103,Drama|History,Bernie Mac,Get on the Bus ,4100,5963,Andre Braugher,10,actor|bus|march|million man march|religion,35,English,USA,R,2400000,1996,748,1.85,352
Color,Danny Steinmann,160,92,13,17,Melanie Kinnaman,42,21300000,Horror|Mystery|Thriller,Tiffany Helm,Friday the 13th: A New Beginning ,22521,170,Dominick Brascia,0,jason voorhees|murder|new jersey|nightmare|teenager,342,English,USA,R,2200000,1985,27,1.85,1000
Color,David Robert Mitchell,533,100,421,159,Ruby Harris,314,14673301,Horror|Mystery,Maika Monroe,It Follows ,112899,1062,Jake Weary,0,ambiguous ending|being followed|sex scene|supernatural|supernatural being,631,English,USA,R,2000000,2014,189,2.35,45000
Color,Steven Soderbergh,108,101,0,685,Enrico Colantoni,8000,2506446,Comedy|Romance,Julia Roberts,Full Frontal ,8662,11327,Blair Underwood,0,birthday|friend|hollywood|party|sex,172,English,USA,R,2000000,2002,724,1.85,134
Color,Laurie Collyer,78,96,38,85,Kate Burton,363,198407,Drama,Brad William Henke,Sherrybaby ,10282,774,Michelle Hurst,1,ex convict|halfway house|nipples visible through clothing|orgasm|parole officer,78,English,USA,R,2000000,2006,223,1.85,474
Color,Jeff Crook,8,90,5,372,Mario Cimarro,601,NA,Action|Crime|Drama|Thriller,Nicholas Gonzalez,Rockaway ,355,2395,Ricardo Chavira,1,one word title,6,English,USA,R,2000000,2007,453,2.35,44
Color,William Kaufman,23,90,58,164,Mike 'The Miz' Mizanin,405,NA,Action|Thriller,Paul McGillion,The Marine 4: Moving Target ,2032,1204,David Lewis,2,killed in police car|mercenary|police officer shot in the leg|police officer shot through the heart|whistleblower,15,English,USA,R,1950000,2015,217,1.78,620
Color,Mark Illsley,77,98,3,327,Illeana Douglas,349,1943649,Comedy|Crime|Romance,Ally Walker,"Happy, Texas ",8697,2095,Jeremy Northam,3,banker|beauty pageant|escaped convict|gay|pageant,122,English,USA,PG-13,1700000,1999,347,1.85,374
Color,Larry Clark,71,91,184,82,Leo Fitzpatrick,3000,7417210,Drama,Rosario Dawson,Kids ,59041,3310,Justin Pierce,1,coming of age|marijuana|rape|virgin|weed,408,English,USA,NA,1500000,1995,202,1.85,0
Color,Charles Herman-Wurmfeld,110,97,0,117,Jennifer Westfeldt,378,7022940,Comedy|Drama|Romance,Scott Cohen,Kissing Jessica Stein ,14018,1173,Brian Stepanek,1,friend|friendship|journalist|new york city|personal ad,190,English,USA,R,1000000,2001,321,1.85,682
Black and White,Henry Bean,84,98,21,76,Theresa Russell,33000,406035,Drama,Ryan Gosling,The Believer ,30314,33441,Summer Phoenix,0,jew|jewish nazi|nazism|racism|skinhead,159,English,USA,R,1500000,2001,243,1.66,0
Color,David Gordon Green,88,107,234,442,Connor Paolo,947,402820,Drama|Romance,Michael Angarano,Snow Angels ,10896,2747,Tom Noonan,0,flashback|football game|school|small town|snow,57,English,USA,R,NA,2007,530,2.35,415
Color,Brad Anderson,127,100,122,83,Brendan Sexton III,210,373967,Horror|Mystery,Paul Guilfoyle,Session 9 ,43839,469,Larry Fessenden,0,abandoned asylum|abandoned hospital|asbestos|lobotomy|multiple personality,481,English,USA,R,1500000,2001,148,2.35,0
Color,Adam Green,229,93,134,488,Kane Hodder,936,NA,Comedy|Horror,Joel David Moore,Hatchet ,23349,3668,Joel Murray,0,bayou|boat|louisiana|swamp|tour,235,English,USA,R,1500000,2006,935,1.85,0
Color,Timothy Woodward Jr.,6,97,764,492,Johnny Messner,835,NA,Action|Crime|Thriller,Katrina Law,Checkmate ,735,2882,Michael Paré,3,NA,18,English,USA,NA,1500000,2015,522,2.35,402
Black and White,Jonathan Kesselman,35,87,4,624,Adam Goldberg,2000,19539,Comedy,Judy Greer,The Hebrew Hammer ,4182,6227,Tony Cox,1,blaxploitation|hanukkah|jewish|kwanzaa|santa claus,53,English,USA,R,1000000,2003,1000,1.85,3000
Color,Douglas Cheek,77,96,4,132,John Heard,796,NA,Horror|Sci-Fi,Daniel Stern,C.H.U.D. ,7528,1866,Sam McMurray,0,bum|city|mutant|new york city|street,88,English,USA,R,1250000,1984,697,1.85,0
Color,Adam Jay Epstein,14,76,0,227,Denise Boutte,387,NA,Comedy,Rich Ceraulo,Extreme Movie ,9560,1190,Vanessa Lee Chester,6,box office flop|female frontal nudity|pink bra and panties|red bra and panties|sex,35,English,USA,R,NA,2008,295,1.85,636
Black and White,Allan Dwan,40,109,23,88,Richard Jaeckel,183,NA,Action|Drama|Romance|War,James Brown,Sands of Iwo Jima ,7346,510,Forrest Tucker,0,battle|combat|heroic military|sergeant|tarawa,69,English,USA,Approved,1000000,1949,102,1.37,624
Color,Brad Anderson,38,104,122,458,Callie Thorne,22000,3386698,Comedy|Drama|Romance,Philip Seymour Hoffman,Next Stop Wonderland ,4195,23461,Holland Taylor,1,love|marine biologist|nurse|personal ad|plumber,86,English,USA,R,1000000,1998,472,1.85,392
Color,Gillian Robespierre,155,84,9,313,Jenny Slate,612,3122616,Comedy|Drama,Gaby Hoffmann,Obvious Child ,16594,1587,Jake Lacy,1,abortion|divorced parents|one night stand|pregnancy|pregnant,73,English,USA,R,NA,2014,457,2.35,0
Color,Courtney Hunt,181,97,33,229,Michael O'Keefe,496,2508841,Crime|Drama,Charlie McDermott,Frozen River ,21746,994,Misty Upham,1,border|mohawk|money|new york|river,93,English,USA,R,1000000,2008,238,1.85,0
Color,Hal Haberman,56,81,0,394,Paul Blackthorne,975,6387,Comedy|Drama|Sci-Fi,Michael Rapaport,Special ,4862,2694,Ian Bohen,0,dream sequence|locked in a room|looking at self in mirror|medication|superhero,37,English,USA,R,1000000,2006,645,1.85,0
Color,David Cross,20,96,0,396,Matt Walsh,782,NA,Comedy|Drama,Jason Ritter,Hits ,1359,2607,Amy Sedaris,1,courtroom|independent film|internet|small town|youtube,8,English,USA,NA,1000000,2014,490,1.78,903
Color,Katie Aselton,95,83,224,37,Anslem Richardson,224,NA,Horror|Thriller,Katie Aselton,Black Rock ,6531,344,Jay Paulson,1,bare breasts|female frontal nudity|hunter|island|weekend,47,English,USA,R,NA,2012,59,1.85,0
Color,Ralph Nelson,32,103,17,113,Dick Van Patten,754,NA,Drama|Romance|Sci-Fi,Cliff Robertson,Charly ,4998,1567,Claire Bloom,0,disability|experiment|genius|intelligence|mouse,55,English,USA,PG,NA,1968,605,2.35,785
Color,Ramaa Mosley,62,101,6,727,Michael Angarano,975,6643,Comedy|Fantasy|Thriller,Jack McBrayer,The Brass Teapot ,11965,4184,Alia Shawkat,2,mini dress|mini skirt|money|voyeur|voyeurism,39,English,USA,R,900000,2012,947,2.35,0
Color,Colin Trevorrow,271,86,365,522,Mark Duplass,934,4007792,Comedy|Drama|Romance,Mary Lynn Rajskub,Safety Not Guaranteed ,101287,2714,Jeff Garlin,0,classified ad|intern|magazine|time machine|time travel,260,English,USA,R,750000,2012,830,2.35,31000
Color,Michael Cuesta,64,97,52,36,Bruce Altman,80,1141829,Crime|Drama,Adam LeFevre,L.I.E. ,8509,209,Walter Masterson,1,ephebophile|pederasty|pedophilia|playing hooky|shaving,109,English,USA,NC-17,700000,2001,67,1.85,420
Color,H.M. Coakley,8,91,0,137,Steffinnie Phrommany,696,NA,Crime|Drama|Thriller,Mehcad Brooks,Adulterers ,514,1210,Danielle Savre,3,cheating husband|female nudity|male nudity|male rear nudity|revenge,1,English,USA,NA,750000,2015,320,2.35,158
Color,Brian Baugh,20,120,3,234,Sean Michael Afable,984,3773863,Drama,Randy Wayne,To Save a Life ,4583,2563,D. David Morin,1,basketball|beer pong|childhood friend|christian|suicide,55,English,USA,PG-13,1000000,2009,801,2.35,0
Color,Barry W. Blaustein,70,108,6,43,Vince McMahon,54,2047570,Biography|Documentary|Sport,Terry Funk,Beyond the Mat ,6790,194,Mick Foley,3,championship|drugs|three word title|wrestler|wrestling,80,English,USA,R,500000,1999,44,1.85,491
Color,Luke Dye,1,84,0,53,Jeff Delaney,385,NA,Family,Mike Stanley,The Little Ponderosa Zoo ,15,683,Jamison Stalsworth,2,NA,1,English,USA,NA,500000,2016,169,16,9
Black and White,Lloyd Bacon,65,89,24,45,Dick Powell,610,2300000,Comedy|Musical|Romance,Ginger Rogers,42nd Street ,7921,995,George Brent,2,chorus girl|chorus line|director|gala premiere|song,97,English,USA,Unrated,439000,1933,105,1.37,439
Color,Oren Peli,409,84,110,21,Ashley Palmer,189,107917283,Horror,Micah Sloat,Paranormal Activity ,184824,330,Amber Armstrong,0,dark force|entity|evil force|found footage|paranormal phenomenon,1189,English,USA,R,15000,2007,109,1.85,12000
Color,Ray Griggs,4,92,4,12,Chris Cox,93,425899,Documentary,Bill Farmer,I Want Your Money ,1123,168,Mike Huckabee,0,NA,31,English,USA,PG,400000,2010,31,1.78,638
Black and White,Harry Beaumont,36,100,4,4,Bessie Love,77,2808000,Musical|Romance,Anita Page,The Broadway Melody ,4546,109,Charles King,8,sibling rivalry|singer|sister act|whistling|wisecrack humor,71,English,USA,Passed,379000,1929,28,1.37,167
Color,Peter Hedges,131,80,54,543,Adrian Martinez,1000,2360184,Comedy|Drama,Oliver Platt,Pieces of April ,18035,3010,Derek Luke,3,apartment|oven|stove|thanksgiving|thanksgiving dinner,177,English,USA,PG-13,300000,2003,806,1.85,0
Color,Nicole Holofcener,71,91,132,225,Brenda Blethyn,400,4186931,Comedy|Drama|Romance,Aunjanue Ellis,Lovely & Amazing ,6041,1330,Raven Goodwin,3,african american|dog|homecoming queen|insecurity|surgery,85,English,USA,R,250000,2001,286,1.85,169
Color,Ken Del Conte,NA,90,2,99,Robert Miano,466,NA,Action|Adventure|Mystery|Romance|Thriller,Hector Echavarria,Death Calls ,30,842,Ron Roggé,2,murder|oppression|rebirth|reincarnation|revenge,NA,English,USA,R,290000,2010,216,1.85,16
Color,Nadia Tass,6,86,20,32,Jordan Bridges,563,NA,Drama|Family,Mia Farrow,An American Girl Holiday ,1338,828,Bruce Gooch,1,courtship|friend|girl|servant|sister,32,English,USA,NA,200000,2004,194,1.33,90
Color,Bill Melendez,43,25,36,27,Bill Melendez,39,NA,Animation|Comedy|Family,Peter Robbins,A Charlie Brown Christmas ,21826,139,Christopher Shea,0,christmas|christmas tree|commercialism|meaning of christmas|tree,126,English,USA,TV-G,150000,1965,36,1.33,0
Color,Alex Kendrick,31,111,589,51,Erin Bethea,589,10174663,Drama|Sport,Alex Kendrick,Facing the Giants ,12399,916,Shannen Fields,0,christian|coach|faith|football|football team,382,English,USA,PG,100000,2006,150,1.85,0
Black and White,Andrew Leman,60,47,2,5,David Mersault,19,NA,Fantasy|Horror|Mystery|Thriller,Dan Novy,The Call of Cthulhu ,6261,43,Barry Lynch,0,1920s|cthulhu|dream|sailor|silent film,99,English,USA,NA,50000,2005,9,1.33,0
Color,Travis Legge,2,83,138,76,Patricia Raven,307,NA,Horror,Elissa Dowling,Raymond Did It ,192,619,Lindsay Felton,0,blood|independent film|mutilation|violence,6,English,USA,Unrated,40000,2011,114,2.35,239
